#00010,Legislators,60,0.5,20,,90,0.7000000000000001,50,,430,1.2,230,,50,-0.1,10,,30,-0.4,10,,180,1.7000000000000002,120,,330,2.1999999999999997,230
#00018,"Senior managers - public and private sector",540,0.6,270,,630,0.4,330,,25100,1.4000000000000001,13630,,210,1.4000000000000001,130,,240,0.3,110,,3310,1.4000000000000001,2240,,5240,1.5,3340
#10010,"Financial managers",150,0.1,30,,200,0.1,60,,6640,1,2470,,60,0.8,20,,40,0.3,10,,780,1.2,330,,1320,1.2,610
#10011,"Human resources managers",170,0.2,70,,100,1.2,60,,4810,1.3,2220,,80,3.1,70,,70,0.6,30,,630,1.3,390,,990,1.3,540
#10012,"Purchasing managers",60,0.7000000000000001,40,,50,0.8,30,,2620,1,1260,,,,,,30,-2.1,10,,230,1,170,,430,0.8,230
#10019,"Other administrative services managers",110,0,30,,140,0.7000000000000001,70,,5050,1.2,2240,,50,0.1,10,,20,1.5,10,,560,1.4000000000000001,350,,1110,1.0999999999999999,590
#10020,"Insurance, real estate and financial brokerage managers",40,-0.3,20,,80,0.6,50,,5690,0.6,2310,,,,,,,,,,630,1.2,420,,700,1.3,400
#10021,"Banking, credit and other investment managers",220,-0.5,50,,130,0.5,60,,6960,0.3,2200,,80,2.1999999999999997,50,,120,0.4,40,,1240,0,470,,1220,0.6,500
#10022,"Advertising, marketing and public relations managers",120,0.6,20,,170,0.8,50,,12330,1.5,4210,,20,1.7999999999999998,10,,,,,,1190,1.5,500,,1780,1.6,800
#10029,"Other business services managers",60,-0.3,20,,70,1,40,,2380,1,1080,,,,,,,,,,250,1.3,150,,560,1.3,350
#10030,"Telecommunication carriers managers",20,-0.5,10,,,,,,1130,0.8,430,,,,,,,,,,120,-0.4,50,,130,-0.6,30
#11100,"Financial auditors and accountants",470,-0.2,100,,440,-0.4,80,,24750,1,7810,,190,0.8999999999999999,70,,80,0.3,20,,2540,1.2,960,,3570,0.8999999999999999,1230
#11101,"Financial and investment analysts",50,0,20,,,,,,4390,0.5,1040,,,,,,,,,,360,0.1,100,,810,0.8,260
#11102,"Financial advisors",190,-1.2,20,,420,0.4,130,,10080,0.4,2440,,100,2.4,60,,160,0.2,50,,2180,-0.1,530,,2030,0.7000000000000001,710
#11103,"Securities agents, investment dealers and brokers",,,,,40,0.5,10,,2240,0.2,660,,,,,,,,,,200,-0.2,50,,250,0.6,110
#11109,"Other financial officers",,,,,70,0.5,20,,3660,0.2,900,,,,,,,,,,610,-0.2,140,,600,0.7000000000000001,210
#11200,"Human resources professionals",210,-0.1,40,,170,0.8,70,,7140,1.3,2630,,50,1.5,20,,60,0.6,20,,870,1,380,,1740,1.3,820
#11201,"Professional occupations in business management consulting",110,0.2,30,,130,1.7000000000000002,60,,9650,1.6,4020,,40,0.3,10,,,,,,840,0.6,220,,2050,1.7999999999999998,1060
#11202,"Professional occupations in advertising, marketing and public relations",210,0.4,50,,300,0.7000000000000001,70,,17690,1.5,5510,,50,0.8,10,,90,0.2,20,,1820,1.4000000000000001,620,,3230,1.3,1150
#12010,"Supervisors, general office and administrative support workers",30,1.3,10,,50,1,30,,1810,1.2,820,,,,,,30,1.2,20,,240,1.4000000000000001,140,,360,1.0999999999999999,190
#12011,"Supervisors, finance and insurance office workers",20,-1.2,0,,,,,,1580,0.8999999999999999,710,,20,2.4,10,,50,0.2,20,,160,0.8999999999999999,100,,220,1.0999999999999999,120
#12012,"Supervisors, library, correspondence and related information workers",20,0.3,10,,50,0.7000000000000001,40,,200,1.2,120,,,,,,,,,,20,1.4000000000000001,20,,90,0.6,70
#12013,"Supervisors, supply chain, tracking and scheduling coordination occupations",80,0.3,20,,50,1,20,,3230,1,1190,,30,4.1000000000000005,30,,30,0.7000000000000001,10,,260,0.7000000000000001,110,,320,1.2,150
#12100,"Executive assistants",130,0.4,50,,130,0.8,50,,4390,1.0999999999999999,1850,,50,-0.1,20,,,,,,530,1.0999999999999999,240,,980,1.2,500
#12101,"Human resources and recruitment officers",40,0.2,10,,,,,,3220,1.3,1230,,,,,,,,,,340,1.4000000000000001,180,,510,1.4000000000000001,250
#12102,"Procurement and purchasing agents and officers",230,-0.8999999999999999,70,,60,1.0999999999999999,30,,3900,1.0999999999999999,1680,,,,,,130,1,70,,510,1,300,,920,1,440
#12103,"Conference and event planners",50,2.4,30,,40,-0.4,10,,2260,1.0999999999999999,750,,,,,,,,,,260,1.4000000000000001,110,,420,1.3,180
#12104,"Employment insurance and revenue officers",160,0.3,70,,,,,,2840,1.4000000000000001,1370,,,,,,,,,,370,1.3,230,,560,0.7000000000000001,240
#12110,"Court reporters, medical transcriptionists and related occupations",30,-0.2,10,,50,1.5,20,,700,1,280,,,,,,,,,,230,1.5,110,,190,1.7999999999999998,130
#12111,"Health information management occupations",,,,,20,1.0999999999999999,10,,320,1.9,180,,20,0.5,10,,,,,,60,1.7000000000000002,40,,110,1.2,60
#12112,"Records management technicians",,,,,,,,,130,1.9,60,,,,,,,,,,,,,,60,1.3,20
#12113,"Statistical officers and related research support occupations",,,,,,,,,400,1.5,110,,,,,,,,,,30,1.5,10,,70,1,20
#12200,"Accounting technicians and bookkeepers",1120,-0.1,280,,980,-0.3,250,,14700,0.8999999999999999,5390,,570,0.7000000000000001,200,,690,0.4,220,,3790,1.2,1770,,4510,0.8999999999999999,1880
#12201,"Insurance adjusters and claims examiners",30,-0.5,10,,80,0.2,30,,3220,0.8999999999999999,1060,,,,,,,,,,500,1,250,,410,1.7000000000000002,200
#12202,"Insurance underwriters",,,,,,,,,1440,0.8999999999999999,430,,,,,,,,,,140,1.0999999999999999,80,,170,1.7000000000000002,80
#12203,"Assessors, business valuators and appraisers",70,-0.2,20,,80,1,30,,1200,0.7000000000000001,360,,30,0.6,10,,,,,,200,1.6,90,,340,1.0999999999999999,130
#13100,"Administrative officers",1270,0.3,510,,1300,0.8,680,,23790,1.0999999999999999,10220,,530,1,270,,620,0.5,270,,4660,1.3,2820,,6820,1.3,3760
#13101,"Property administrators",170,0.4,80,,200,1.3,130,,6140,0.6,2500,,80,2.3,60,,140,1.0999999999999999,80,,930,1.7999999999999998,680,,1640,1.4000000000000001,970
#13102,"Payroll administrators",170,-0.1,40,,100,0.6,40,,4060,1.0999999999999999,1600,,30,1.7999999999999998,20,,90,-0.7000000000000001,20,,660,1,320,,990,1.0999999999999999,430
#13110,"Administrative assistants",1160,0.2,320,,930,0.5,350,,19800,1.0999999999999999,7030,,430,0.6,150,,620,0.7000000000000001,210,,3450,1.3,1680,,5050,1.2,2200
#13111,"Legal administrative assistants",120,-0.3,30,,90,-0.7000000000000001,10,,5850,0.8,1610,,20,-0.6,0,,20,0.6,10,,940,1.4000000000000001,370,,1200,0.7000000000000001,400
#13112,"Medical administrative assistants",90,0.3,20,,80,1.2,40,,2960,1.9,1190,,80,1,30,,30,-0.1,0,,710,1.6,340,,750,1.7999999999999998,320
#13200,"Customs, ship and other brokers",,,,,,,,,640,1.5,240,,20,4.2,20,,,,,,70,-0.1,10,,60,0.8,20
#13201,"Production and transportation logistics coordinators",50,-1,10,,70,1.3,30,,5360,1,1620,,40,2.7,30,,,,,,350,0.8,150,,370,0.8,140
#14100,"General office support workers",930,0.2,230,,780,0.8,290,,19720,1.2,7110,,490,0.8,160,,380,0.7000000000000001,120,,3050,1.3,1340,,4310,1.2,1740
#14101,Receptionists,1170,0.5,270,,660,1,240,,15160,1.5,5120,,440,1,130,,300,0.4,70,,3030,1.4000000000000001,1280,,4190,1.5,1670
#14102,"Personnel clerks",100,0.5,30,,,,,,1100,1.3,400,,50,0.6,20,,30,0,10,,130,1.0999999999999999,60,,190,1.0999999999999999,80
#14103,"Court clerks and related court services occupations",40,-0.2,10,,,,,,340,0.8,100,,20,0.2,0,,,,,,100,1.0999999999999999,30,,140,1,50
#14110,"Survey interviewers and statistical clerks",120,0.2,20,,230,0.7000000000000001,80,,410,1.4000000000000001,150,,30,0.2,10,,,,,,200,1.3,90,,180,0.8,90
#14111,"Data entry clerks",170,0.5,40,,70,-0.2,20,,3300,0.2,730,,30,0.1,10,,40,0.1,10,,550,0,160,,720,0.2,210
#14112,"Desktop publishing operators and related occupations",,,,,,,,,40,0.6,10,,,,,,,,,,,,,,,,
#14200,"Accounting and related clerks",680,0.1,170,,530,0.4,170,,16550,0.8999999999999999,5900,,360,0.8999999999999999,120,,380,0.6,120,,2380,1.2,1030,,3430,1.0999999999999999,1470
#14201,"Banking, insurance and other financial clerks",30,-0.6,10,,50,0.3,20,,1610,0.6,530,,,,,,,,,,220,0.8,100,,250,1.0999999999999999,100
#14202,"Collection clerks",,,,,,,,,780,0.8999999999999999,280,,,,,,,,,,130,1.0999999999999999,40,,190,1.0999999999999999,80
#14300,"Library assistants and clerks",30,2.5,10,,70,3.5999999999999996,50,,580,0.3,140,,50,5,40,,30,-1.9,0,,180,0.1,40,,230,0,90
#14301,"Correspondence, publication and regulatory clerks",60,-0.3,10,,,,,,1770,1.0999999999999999,620,,20,0.2,10,,50,0.1,10,,200,1.4000000000000001,110,,580,1.2,230
#14400,"Shippers and receivers",460,0.3,110,,280,0.4,70,,10550,0.8999999999999999,3250,,190,2.1,90,,160,0.4,40,,1340,0.7000000000000001,400,,1460,1,520
#14401,"Storekeepers and partspersons",550,0.5,140,,230,0.8,70,,2470,1,870,,260,0.6,70,,210,1.6,80,,1020,1,340,,880,0.8,330
#14402,"Production logistics workers",,,,,,,,,750,1.0999999999999999,280,,,,,,,,,,60,1.0999999999999999,30,,150,1,70
#14403,"Purchasing and inventory control workers",70,0.8,10,,50,0.6,20,,3410,1,1100,,,,,,,,,,410,0.8,150,,540,1.2,220
#14404,Dispatchers,130,0.2,30,,20,2.6,10,,2380,0.8,640,,60,3.5000000000000004,40,,80,1,20,,330,1.4000000000000001,160,,490,1.6,210
#14405,"Transportation route and crew schedulers",,,,,,,,,380,1.0999999999999999,130,,,,,,,,,,20,1.0999999999999999,10,,70,1.6,40
#20010,"Engineering managers",30,0.8,20,,120,1.0999999999999999,60,,3750,1.6,1890,,30,1.2,20,,40,-0.7000000000000001,10,,330,1.6,190,,440,2,270
#20011,"Architecture and science managers",,,,,30,0.5,10,,1580,1.3,800,,,,,,,,,,110,1.4000000000000001,60,,300,1.3,160
#20012,"Computer and information systems managers",30,1.0999999999999999,10,,190,1.4000000000000001,110,,10340,2.8000000000000003,6970,,,,,,,,,,870,2.8000000000000003,690,,1590,2.4,1120
#21100,"Physicists and astronomers",,,,,,,,,360,1.9,140,,,,,,,,,,30,1.5,10,,100,0.7000000000000001,40
#21101,Chemists,,,,,,,,,1510,1.2,480,,,,,,,,,,160,1.2,50,,180,1.4000000000000001,70
#21102,"Geoscientists and oceanographers",60,0.8,10,,220,0.6,60,,1430,1,490,,40,4,30,,,,,,360,1.6,150,,480,2.5,270
#21103,"Meteorologists and climatologists",,,,,,,,,80,1.2,30,,,,,,,,,,,,,,20,1.0999999999999999,10
#21109,"Other professional occupations in physical sciences",,,,,,,,,20,1.4000000000000001,10,,,,,,,,,,,,,,,,
#21110,"Biologists and related scientists",150,0.1,20,,230,1.3,80,,3930,1.2,1140,,200,0.7000000000000001,40,,80,1,20,,540,0.7000000000000001,140,,1030,1.3,340
#21111,"Forestry professionals",560,-0.8999999999999999,140,,190,0.6,90,,290,-0.1,90,,310,0,110,,70,-1.5,10,,490,-0.4,160,,580,0.4,180
#21112,"Agricultural representatives, consultants and specialists",,,,,,,,,150,0.8999999999999999,50,,,,,,,,,,160,0.4,40,,40,1.4000000000000001,20
#21120,"Public and environmental health and safety professionals",170,0,30,,80,1,30,,1760,1.3,630,,50,-1.2,0,,130,0.5,30,,270,0.8999999999999999,110,,360,1.4000000000000001,170
#21200,Architects,,,,,50,1.3,20,,3530,1.7000000000000002,1170,,,,,,,,,,200,2.6,100,,380,2.4,230
#21201,"Landscape architects",,,,,,,,,280,1.7000000000000002,90,,,,,,,,,,40,2.3,20,,30,2.1,20
#21202,"Urban and land use planners",70,-0.3,20,,80,0.6,30,,2010,1.2,670,,20,0.1,10,,20,-0.2,10,,190,1.4000000000000001,90,,650,1.7999999999999998,330
#21203,"Land surveyors",40,0.5,10,,40,2.5,20,,600,1.4000000000000001,200,,70,1.2,20,,100,-0.8999999999999999,10,,220,2,110,,230,1.9,110
#21210,"Mathematicians, statisticians and actuaries",,,,,,,,,650,1.4000000000000001,210,,,,,,,,,,30,1.7999999999999998,20,,70,1.4000000000000001,30
#21211,"Data scientists",,,,,,,,,1980,2.4,750,,,,,,,,,,40,4.3999999999999995,30,,150,2.1,60
#21220,"Cybersecurity specialists",,,,,,,,,1270,2.4,600,,,,,,,,,,50,0.7000000000000001,10,,200,1.9,120
#21221,"Business systems specialists",80,-0.3,20,,,,,,3410,2.1,1460,,,,,,,,,,170,1.7000000000000002,70,,790,2.1,410
#21222,"Information systems specialists",180,0.6,50,,210,1.3,80,,12630,3,7450,,30,4.8,30,,,,,,960,2.5,500,,2080,2.5,1270
#21223,"Database analysts and data administrators",,,,,,,,,2040,2,990,,,,,,,,,,150,2,70,,530,2.1,300
#21230,"Computer systems developers and programmers",20,1.3,10,,50,1.6,20,,3220,3,1820,,,,,,,,,,310,3.1,190,,580,2.6,350
#21231,"Software engineers and designers",40,1.6,10,,190,1.6,60,,20180,3.1,10740,,,,,,,,,,820,3.5000000000000004,490,,1640,3.2,1030
#21232,"Software developers and programmers",,,,,190,1.6,60,,13450,3.5999999999999996,7830,,,,,,,,,,1050,3.5000000000000004,590,,1990,3.5000000000000004,1250
#21233,"Web designers",,,,,90,1.7000000000000002,30,,2320,3.8,1350,,,,,,,,,,220,4.2,150,,370,3.2,220
#21234,"Web developers and programmers",40,1,10,,150,1.7000000000000002,40,,7780,3.5000000000000004,4080,,,,,,,,,,600,3.5000000000000004,330,,1380,3.4000000000000004,760
#21300,"Civil engineers",160,0.5,30,,190,2.1,90,,7920,1.4000000000000001,2760,,190,0.7000000000000001,40,,130,-0.4,10,,1020,1.9,460,,1260,2,620
#21301,"Mechanical engineers",90,0.6,10,,230,0.8999999999999999,60,,5430,1.4000000000000001,1670,,,,,,30,0.3,0,,440,1.5,150,,690,1.6,250
#21310,"Electrical and electronics engineers",80,0.3,10,,120,1.3,50,,6030,1.5,2300,,,,,,20,1.7999999999999998,10,,420,1.7000000000000002,190,,730,1.7000000000000002,330
#21311,"Computer engineers (except software engineers and designers)",,,,,40,1.7000000000000002,20,,2640,2.5,1410,,,,,,,,,,80,2.4,50,,250,2.3,150
#21320,"Chemical engineers",40,0.7000000000000001,10,,60,-0.3,20,,920,1.2,240,,,,,,,,,,100,0.8,40,,50,0,20
#21321,"Industrial and manufacturing engineers",,,,,40,1.7999999999999998,20,,1260,1.2,440,,,,,,,,,,40,0.5,10,,110,1.9,40
#21322,"Metallurgical and materials engineers",,,,,30,1.0999999999999999,10,,250,1.3,80,,,,,,,,,,,,,,20,3.3000000000000003,10
#21330,"Mining engineers",,,,,130,1.0999999999999999,30,,520,1,130,,,,,,,,,,80,1.7000000000000002,20,,20,3.5999999999999996,10
#21331,"Geological engineers",20,0.8999999999999999,0,,50,2,20,,830,1.7000000000000002,240,,,,,,,,,,140,2.3,70,,170,2.3,80
#21332,"Petroleum engineers",,,,,,,,,60,1.3,30,,,,,,,,,,20,1.3,10,,20,2.4,10
#21390,"Aerospace engineers",,,,,,,,,190,1.3,80,,,,,,,,,,,,,,80,0.4,20
#21399,"Other professional engineers",,,,,20,2.5,10,,1150,1.3,370,,50,2.9000000000000004,30,,,,,,120,-1.6,-10,,430,1,160
#22100,"Chemical technologists and technicians",,,,,40,1.3,20,,720,1.2,290,,,,,,,,,,70,-0.1,20,,50,1.7000000000000002,30
#22101,"Geological and mineral technologists and technicians",90,0.4,20,,180,-0.5,50,,480,1,190,,20,2.1999999999999997,10,,30,0.8999999999999999,10,,200,1.5,110,,100,3,90
#22110,"Biological technologists and technicians",50,0.2,10,,40,0.5,10,,710,1,170,,40,-0.7000000000000001,10,,,,,,110,0.8999999999999999,30,,490,1,140
#22111,"Agricultural and fish products inspectors",,,,,,,,,400,1.3,160,,40,0.8999999999999999,10,,,,,,40,1,10,,20,1.2,10
#22112,"Forestry technologists and technicians",640,-0.8,130,,250,0,70,,270,-1,40,,250,-0.5,60,,50,-1,10,,510,-0.3,110,,530,-0.2,120
#22113,"Conservation and fishery officers",80,-0.1,20,,30,0.7000000000000001,10,,190,1.2,70,,70,0.1,20,,,,,,130,1.4000000000000001,60,,170,1,80
#22114,"Landscape and horticulture technicians and specialists",60,0.1,20,,200,1.2,70,,2440,0.7000000000000001,640,,20,0.3,10,,,,,,690,1,210,,1210,1.5,540
#22210,"Architectural technologists and technicians",20,0.8999999999999999,10,,60,0.8999999999999999,20,,1660,1.6,520,,,,,,,,,,220,2.3,100,,180,2.1999999999999997,100
#22211,"Industrial designers",,,,,,,,,1260,1.9,490,,,,,,,,,,70,1.7999999999999998,30,,180,1.7000000000000002,80
#22212,"Drafting technologists and technicians",70,0.6,20,,120,1.4000000000000001,50,,3230,1.2,1070,,,,,,50,-0.5,10,,490,2,250,,540,1.7999999999999998,250
#22213,"Land survey technologists and technicians",,,,,,,,,240,1.6,80,,,,,,50,-0.7000000000000001,10,,60,2.1999999999999997,30,,90,2.5,60
#22214,"Technical occupations in geomatics and meteorology",130,-0.3,40,,140,0.3,60,,820,1.3,310,,80,-0.5,20,,70,-0.4,20,,210,1.0999999999999999,110,,390,1.7000000000000002,210
#22220,"Computer network and web technicians",260,0.3,70,,150,0.7000000000000001,40,,6000,2.3,2990,,50,4.2,40,,60,0.8999999999999999,20,,690,2.3,340,,1270,2,630
#22221,"User support technicians",80,0.5,20,,130,1.4000000000000001,40,,5940,2.5,2990,,70,4.2,50,,,,,,650,2.4,300,,1340,2,650
#22222,"Information systems testing technicians",,,,,,,,,1150,3.1,660,,,,,,,,,,90,3.8,70,,110,3.8,70
#22230,"Non-destructive testers and inspectors",30,0.8999999999999999,10,,30,2,20,,250,1.5,90,,,,,,80,0,20,,90,1.9,40,,80,2.6,40
#22231,"Engineering inspectors and regulatory officers",30,-0.5,10,,,,,,400,1.5,160,,,,,,20,2.4,10,,,,,,90,1.2,40
#22232,"Occupational health and safety specialists",90,0,20,,100,-0.1,30,,1600,1,580,,60,-0.8999999999999999,10,,50,2,20,,330,1,150,,370,1.4000000000000001,180
#22233,"Construction inspectors",50,1.0999999999999999,10,,160,-0.2,50,,1630,1,650,,20,0.1,0,,100,0.5,10,,420,1.6,240,,340,2.1,220
#22300,"Civil engineering technologists and technicians",180,0.6,30,,140,1.7999999999999998,70,,1470,1.3,520,,50,0.8999999999999999,10,,80,0.3,10,,470,1.7999999999999998,240,,410,2,210
#22301,"Mechanical engineering technologists and technicians",110,-0.8,10,,60,1.7000000000000002,30,,2150,1.3,880,,50,0.8,10,,70,1.3,30,,310,1,130,,490,1.2,190
#22302,"Industrial engineering and manufacturing technologists and technicians",50,-0.5,10,,,,,,1290,0.7000000000000001,380,,,,,,,,,,100,0.5,40,,190,0.7000000000000001,60
#22303,"Construction estimators",40,0.8999999999999999,10,,50,0.8,20,,2530,0.5,680,,,,,,,,,,530,1.3,210,,580,0.8,200
#22310,"Electrical and electronics engineering technologists and technicians",140,0.1,20,,110,0.8,50,,3610,1.2,1460,,50,2.4,20,,50,1.5,20,,450,1.2,220,,810,1.2,360
#22311,"Electronic service technicians (household and business equipment)",280,0.6,80,,190,0.8999999999999999,60,,5170,1.2,1830,,90,1.9,40,,130,1.0999999999999999,40,,1010,1.6,430,,1240,1.5,530
#22312,"Industrial instrument technicians and mechanics",120,0,10,,180,-0.3,40,,220,0.8,70,,,,,,200,0.4,20,,150,0.4,40,,170,0.5,60
#22313,"Aircraft instrument, electrical and avionics mechanics, technicians and inspectors",,,,,,,,,530,1.4000000000000001,200,,,,,,,,,,100,0.8999999999999999,40,,140,0.6,40
#30010,"Managers in health care",260,0.6,100,,90,1.0999999999999999,50,,3720,2,2150,,110,0.8999999999999999,50,,20,0,10,,690,1.7999999999999998,450,,1350,1.6,850
#31100,"Specialists in clinical and laboratory medicine",210,0.5,50,,90,1.2,40,,4420,2,1740,,60,1.0999999999999999,20,,40,-0.1,10,,600,1.6,260,,1030,1.6,410
#31101,"Specialists in surgery",60,0.4,20,,60,1.3,20,,1210,2,520,,,,,,,,,,220,1.5,100,,250,1.9,100
#31102,"General practitioners and family physicians",300,0.4,60,,290,1.4000000000000001,110,,5750,1.9,2290,,150,0.8999999999999999,40,,60,-0.1,10,,870,1.5,360,,1730,1.7999999999999998,770
#31103,Veterinarians,40,-0.3,10,,50,-1.0999999999999999,10,,840,0.8999999999999999,330,,,,,,,,,,190,1.3,80,,420,0.6,140
#31110,Dentists,110,0.3,20,,130,1.4000000000000001,50,,2480,1.9,1120,,60,1.3,20,,30,-0.1,10,,390,1.4000000000000001,150,,450,2.1999999999999997,220
#31111,Optometrists,30,0.3,10,,30,1.4000000000000001,10,,510,1.9,250,,20,1.3,10,,,,,,90,1.4000000000000001,40,,140,2.1,80
#31112,"Audiologists and speech-language pathologists",70,0,20,,50,0.6,20,,940,1.7999999999999998,400,,,,,,,,,,190,1.6,90,,350,1.4000000000000001,150
#31120,Pharmacists,210,1,60,,170,0.6,40,,4240,1.7000000000000002,1520,,70,1.3,30,,70,-0.7000000000000001,10,,650,2,280,,1310,1.2,450
#31121,"Dietitians and nutritionists",50,0.4,10,,30,1.2,10,,1050,1.9,440,,30,0.8999999999999999,10,,,,,,200,1.7000000000000002,90,,270,1.6,120
#31200,Psychologists,,,,,30,1.4000000000000001,10,,1470,1.7000000000000002,610,,,,,,,,,,170,1.7000000000000002,70,,380,1.7999999999999998,180
#31201,Chiropractors,110,0.3,30,,20,1.4000000000000001,10,,750,1.9,350,,30,1.3,10,,,,,,220,1.4000000000000001,110,,200,2.1999999999999997,120
#31202,Physiotherapists,150,0.4,40,,160,1.3,70,,2980,2,1210,,60,1.0999999999999999,20,,30,-0.1,10,,550,1.6,250,,820,1.7999999999999998,350
#31203,"Occupational therapists",80,0.5,20,,60,1.3,20,,2030,2,820,,40,1.2,10,,,,,,300,1.7000000000000002,120,,560,1.6,220
#31204,"Kinesiologists and other professional occupations in therapy and assessment",,,,,20,1.4000000000000001,10,,1470,1.7999999999999998,430,,,,,,,,,,270,1.6,100,,260,1.9,80
#31209,"Other professional occupations in health diagnosing and treating",30,0.3,10,,60,1.4000000000000001,30,,500,1.9,210,,,,,,,,,,140,1.4000000000000001,60,,130,2.1999999999999997,60
#31300,"Nursing coordinators and supervisors",40,0.6,20,,20,1.0999999999999999,10,,1380,2.1,780,,20,0.7000000000000001,10,,40,0.3,10,,180,1.7999999999999998,120,,410,1.6,240
#31301,"Registered nurses and registered psychiatric nurses",2500,0.6,630,,1310,1.0999999999999999,490,,36340,2.1,15840,,840,0.7000000000000001,220,,520,0,90,,6470,1.7999999999999998,3040,,11800,1.3,4460
#31302,"Nurse practitioners",40,0.6,10,,30,1.2,10,,470,2,170,,,,,,,,,,100,1.7000000000000002,40,,160,1.6,60
#31303,"Physician assistants, midwives and allied health professionals",,,,,,,,,190,1.9,80,,,,,,,,,,20,1.6,10,,80,1.4000000000000001,30
#32100,Opticians,50,1,20,,20,0.8999999999999999,10,,900,1.5,430,,,,,,,,,,180,1.4000000000000001,90,,220,1.3,90
#32101,"Licensed practical nurses",540,0.8,140,,350,1,130,,5360,2.1,2270,,120,0.8,30,,130,0.5,30,,1410,2,740,,2260,1.7000000000000002,930
#32102,"Paramedical occupations",280,0.3,70,,240,1.4000000000000001,100,,1510,1.7999999999999998,590,,180,1.3,70,,80,-0.1,20,,600,1.4000000000000001,250,,820,2,380
#32103,"Respiratory therapists, clinical perfusionists and cardiopulmonary technologists",40,0.6,10,,30,1.2,10,,1270,2.1,530,,,,,,,,,,200,1.6,110,,340,1.2,130
#32104,"Animal health technologists and veterinary technicians",70,-0.3,10,,80,-1.0999999999999999,0,,1840,0.8999999999999999,430,,40,-0.6,10,,30,0.8,10,,440,1.3,160,,740,0.5,170
#32109,"Other technical occupations in therapy and assessment",70,0.4,20,,60,0.8,20,,1420,1.9,550,,,,,,50,-0.1,10,,340,1.7999999999999998,150,,360,1.6,150
#32110,Denturists,,,,,,,,,120,1.5,30,,,,,,,,,,50,1.4000000000000001,20,,40,2.1999999999999997,20
#32111,"Dental hygienists and dental therapists",170,0.3,40,,160,1.4000000000000001,80,,1960,1.9,820,,90,1.3,30,,60,-0.1,10,,470,1.4000000000000001,230,,640,2.1999999999999997,340
#32112,"Dental technologists and technicians",,,,,,,,,660,1.0999999999999999,260,,,,,,,,,,80,0.7000000000000001,30,,110,1.3,50
#32120,"Medical laboratory technologists",120,0.5,30,,70,1.2,30,,2140,2,1000,,60,0.8999999999999999,20,,,,,,290,1.7000000000000002,150,,500,1.4000000000000001,200
#32121,"Medical radiation technologists",200,0.6,50,,60,1.0999999999999999,20,,2050,2.1,850,,50,0.5,10,,50,0,10,,410,1.7999999999999998,190,,710,1.2,240
#32122,"Medical sonographers",50,0.4,10,,40,1.0999999999999999,20,,690,2,320,,,,,,,,,,80,1.7000000000000002,40,,220,1.2,80
#32123,"Cardiology technologists and electrophysiological diagnostic technologists",,,,,,,,,500,2.1,220,,,,,,,,,,90,1.7999999999999998,40,,160,1.2,60
#32124,"Pharmacy technicians",100,0.8999999999999999,30,,110,0.7000000000000001,30,,1720,1.7000000000000002,660,,50,0.8999999999999999,20,,50,-0.5,10,,360,1.9,150,,600,1.0999999999999999,210
#32129,"Other medical technologists and technicians",,,,,20,1.4000000000000001,10,,290,1.4000000000000001,90,,,,,,,,,,50,1.2,20,,50,1.3,20
#32200,"Traditional Chinese medicine practitioners and acupuncturists",50,0.3,10,,60,1.4000000000000001,20,,1010,1.7999999999999998,420,,,,,,,,,,70,1.4000000000000001,20,,260,2.1,100
#32201,"Massage therapists",210,0.4,50,,340,1.3,140,,3750,1.7999999999999998,1540,,120,1.3,40,,40,0.2,10,,830,1.4000000000000001,350,,1220,2.1,610
#32209,"Other practitioners of natural healing",60,0.6,10,,30,1.4000000000000001,10,,460,1.7000000000000002,180,,,,,,,,,,120,1.5,40,,270,2.1,120
#33100,"Dental assistants and dental laboratory assistants",320,0.3,60,,190,1.4000000000000001,80,,3730,1.7999999999999998,1500,,110,1.3,30,,90,-0.1,10,,630,1.4000000000000001,260,,870,2.1,380
#33101,"Medical laboratory assistants and related technical occupations",220,0.5,60,,100,1.2,40,,2690,1.9,1060,,70,0.7000000000000001,20,,70,-0.1,10,,380,1.6,160,,770,1.5,280
#33102,"Nurse aides, orderlies and patient service associates",1880,0.8,490,,1620,0.8,630,,27310,2,12690,,630,1.3,210,,470,0.7000000000000001,120,,6390,2,3570,,11040,1.7999999999999998,4780
#33103,"Pharmacy technical assistants and pharmacy assistants",140,0.8999999999999999,40,,100,0.4,20,,2520,1.5,730,,60,1.3,20,,80,-0.7000000000000001,10,,450,2,180,,800,1.2,220
#33109,"Other assisting occupations in support of health services",290,0.5,80,,150,1.0999999999999999,60,,3210,1.9,1300,,50,0.8999999999999999,20,,30,-0.1,10,,730,1.7999999999999998,350,,1190,1.6,470
#40010,"Government managers - health and social policy development and program administration",30,0.1,10,,,,,,520,1.2,270,,,,,,,,,,90,1.2,60,,500,0.8999999999999999,250
#40011,"Government managers - economic analysis, policy development and program administration",70,0.1,30,,60,0.7000000000000001,40,,810,1.2,430,,40,0.2,20,,20,-0.1,10,,130,1.3,90,,410,1,230
#40012,"Government managers - education policy development and program administration",,,,,,,,,150,1.0999999999999999,70,,,,,,,,,,,,,,100,1.0999999999999999,40
#40019,"Other managers in public administration",30,0.1,20,,,,,,170,1.2,80,,,,,,20,-0.2,10,,100,1.4000000000000001,60,,220,1.2,130
#40020,"Administrators - post-secondary education and vocational training",70,1.6,40,,50,1.6,30,,2380,0.8,990,,30,1.4000000000000001,10,,50,1.7000000000000002,30,,290,2,210,,570,1,320
#40021,"School principals and administrators of elementary and secondary education",190,-0.7000000000000001,70,,190,0.1,100,,2580,1.2,1480,,90,-0.8,30,,70,-0.4,30,,440,1.7999999999999998,340,,840,0.8999999999999999,510
#40030,"Managers in social, community and correctional services",240,0.2,80,,130,0.6,60,,3720,1.4000000000000001,1690,,100,0.8999999999999999,40,,20,0,10,,720,1.5,430,,1260,1.0999999999999999,600
#40040,"Commissioned police officers and related occupations in public protection services",,,,,,,,,100,1.3,90,,,,,,,,,,,,,,40,1.5,40
#40041,"Fire chiefs and senior firefighting officers",,,,,70,0.7000000000000001,60,,160,1.3,120,,20,0,10,,20,-0.4,10,,80,1.7000000000000002,80,,100,2.7,100
#40042,"Commissioned officers of the Canadian Armed Forces",,,,,,,,,480,1.4000000000000001,220,,,,,,,,,,40,1.3,20,,1010,0.6,350
#41100,Judges,,,,,,,,,250,1,150,,,,,,,,,,30,1.0999999999999999,20,,30,0.8,20
#41101,"Lawyers and Quebec notaries",210,-0.3,40,,130,-1.0999999999999999,10,,11110,0.8999999999999999,3030,,50,-0.6,10,,40,0.7000000000000001,10,,910,1.3,340,,2300,0.7000000000000001,680
#41200,"University professors and lecturers",270,1.7000000000000002,110,,70,5.8999999999999995,70,,6720,0.5,2130,,,,,,,,,,1800,2.1,750,,2540,0.8,1110
#41201,"Post-secondary teaching and research assistants",190,1.6,60,,120,2.8000000000000003,50,,8250,0.7000000000000001,1410,,50,4.2,30,,40,-2.1999999999999997,0,,1390,2.1,410,,1710,0.8999999999999999,400
#41210,"College and other vocational instructors",420,0.8999999999999999,150,,450,1.5,190,,8930,1.0999999999999999,3580,,70,0.6,20,,260,1.5,120,,1070,1.5,450,,2200,1.3,1010
#41220,"Secondary school teachers",650,-0.7000000000000001,130,,620,0.1,170,,11840,1.2,4410,,290,-0.8,50,,160,-0.4,40,,1960,1.7999999999999998,960,,3230,0.8999999999999999,1250
#41221,"Elementary school and kindergarten teachers",1280,-0.7000000000000001,260,,1350,0.1,380,,20580,1.2,7550,,610,-0.8,110,,720,-0.4,170,,3800,1.7999999999999998,1870,,6060,0.8999999999999999,2270
#41300,"Social workers",490,0.3,140,,270,0.8999999999999999,90,,4630,1.7000000000000002,1800,,190,0.7000000000000001,60,,110,0.3,30,,1350,1.6,570,,1750,1.3,680
#41301,"Therapists in counselling and related specialized therapies",310,0.5,80,,310,1.0999999999999999,100,,4770,1.9,2050,,120,1,40,,110,0.5,30,,1130,1.7000000000000002,460,,2350,1.5,1000
#41302,"Religious leaders",200,1.2,60,,160,0.6,40,,2930,1.2,950,,100,2.7,50,,60,1.7000000000000002,20,,590,1.5,230,,640,1.7999999999999998,280
#41310,"Police investigators and other investigative occupations",,,,,,,,,370,1.3,200,,,,,,,,,,40,1.2,20,,80,1,40
#41311,"Probation and parole officers",70,-0.1,10,,20,0.7000000000000001,10,,490,1,160,,50,0.2,10,,,,,,100,1,30,,170,0.8,60
#41320,"Educational counsellors",130,0.1,40,,90,0.5,30,,2980,1,1050,,40,0,10,,50,1.0999999999999999,20,,440,1.7999999999999998,220,,970,1,440
#41321,"Career development practitioners and career counsellors (except education)",100,0.1,30,,70,0.8999999999999999,30,,1030,1.3,430,,20,0.4,10,,,,,,210,1.6,100,,290,1.5,150
#41400,"Natural and applied science policy researchers, consultants and program officers",160,-0.3,30,,200,1.3,70,,2610,1.4000000000000001,900,,230,0.8,70,,110,1.5,40,,590,0.8999999999999999,170,,1250,1.3,500
#41401,"Economists and economic policy researchers and analysts",,,,,,,,,1360,1.0999999999999999,400,,,,,,,,,,70,0.3,10,,540,1,200
#41402,"Business development officers and market researchers and analysts",30,0.1,0,,20,1.6,10,,4820,1.5,1610,,50,1.4000000000000001,20,,,,,,540,1.4000000000000001,230,,600,1.7000000000000002,250
#41403,"Social policy researchers, consultants and program officers",90,0.1,30,,30,0.8,10,,3260,1.2,1140,,30,0.1,10,,40,0.6,10,,360,1.3,130,,1480,1.0999999999999999,520
#41404,"Health policy researchers, consultants and program officers",210,0.5,60,,50,1.4000000000000001,20,,2410,1.6,910,,50,0.8999999999999999,20,,,,,,350,1.5,170,,1090,1.2,400
#41405,"Education policy researchers, consultants and program officers",70,0.6,20,,60,0.4,20,,2580,1.2,880,,40,2.1,20,,30,1.0999999999999999,10,,330,1.5,130,,830,1.0999999999999999,330
#41406,"Recreation, sports and fitness policy researchers, consultants and program officers",40,0.5,20,,30,1.3,10,,1120,1.3,370,,70,-0.8999999999999999,10,,30,0.2,10,,200,1,90,,360,1.3,130
#41407,"Program officers unique to government",20,-0.1,10,,,,,,470,1.2,200,,,,,,,,,,50,1.2,20,,400,1,160
#41409,"Other professional occupations in social science",50,-0.2,10,,,,,,690,1.2,220,,40,-0.5,0,,30,1.5,10,,110,1.5,50,,330,1.0999999999999999,120
#42100,"Police officers (except commissioned)",540,0.3,130,,350,0.7000000000000001,120,,7060,1.3,2900,,280,0.2,60,,40,7.8,60,,1070,1.3,440,,1230,1.4000000000000001,640
#42101,Firefighters,100,0.4,20,,160,0.8999999999999999,70,,3160,1.2,1180,,80,1.4000000000000001,30,,90,-0.4,10,,580,1.6,290,,590,2.1999999999999997,360
#42102,"Specialized members of the Canadian Armed Forces",,,,,,,,,,,,,,,,,,,,,,,,,150,0.6,60
#42200,"Paralegals and related occupations",60,-0.3,10,,60,0.2,20,,3620,1.0999999999999999,1230,,20,0.2,0,,,,,,420,1.2,190,,650,1,270
#42201,"Social and community service workers",1990,0.5,530,,1210,0.8999999999999999,400,,18790,1.7999999999999998,8060,,740,0.8999999999999999,230,,510,0.6,140,,4740,1.7999999999999998,2140,,8540,1.5,3430
#42202,"Early childhood educators and assistants",790,1.9,250,,430,2.8000000000000003,210,,12760,3.3000000000000003,7590,,340,2.1,110,,280,2.3,100,,3040,3.3000000000000003,1730,,4140,3.1,2310
#42203,"Instructors of persons with disabilities",80,0.5,20,,50,1,20,,1420,1.6,440,,30,-0.1,0,,,,,,220,1.7999999999999998,90,,210,1.0999999999999999,70
#42204,"Religion workers",20,1.2,10,,30,1,10,,840,1.3,270,,,,,,,,,,70,1.4000000000000001,20,,140,1.6,50
#43100,"Elementary and secondary school teacher assistants",900,-0.7000000000000001,180,,970,0.1,260,,11430,1.2,4120,,400,-0.8,70,,420,-0.4,100,,2210,1.7999999999999998,1080,,3360,0.8999999999999999,1300
#43109,"Other instructors",80,0.7000000000000001,20,,20,2.1,10,,6920,1.2,2090,,40,2.4,20,,20,5.1,20,,360,1.2,200,,670,0.8999999999999999,270
#43200,"Sheriffs and bailiffs",,,,,,,,,430,0.8,120,,,,,,,,,,50,1.0999999999999999,20,,120,1,60
#43201,"Correctional service officers",170,-0.1,40,,50,0.7000000000000001,20,,2290,1.0999999999999999,810,,30,1.3,10,,,,,,400,1,150,,430,1,190
#43202,"By-law enforcement and other regulatory officers",60,0.1,10,,60,0.7000000000000001,30,,1060,1.0999999999999999,340,,30,1.2,10,,20,0.2,10,,140,1.4000000000000001,80,,230,2,130
#43203,"Border services, customs, and immigration officers",,,,,180,0.7000000000000001,40,,1300,1.4000000000000001,460,,30,0.2,10,,,,,,60,1.3,20,,60,0.7000000000000001,20
#43204,"Operations members of the Canadian Armed Forces",40,0.3,10,,110,0.7000000000000001,30,,600,1.4000000000000001,300,,20,0.2,10,,,,,,90,1.3,30,,1410,0.6,500
#44100,"Home child care providers",230,-3.4000000000000004,-20,,160,-2.5,-10,,5190,-1.7999999999999998,100,,80,-2.1,0,,80,-2.6,0,,830,-1.9,10,,1200,0.8,330
#44101,"Home support workers, caregivers and related occupations",270,0.7000000000000001,70,,320,0.8999999999999999,120,,4190,1.9,2030,,140,1,40,,130,0.7000000000000001,40,,990,1.7999999999999998,490,,2360,1.7000000000000002,1040
#44200,"Primary combat members of the Canadian Armed Forces",20,0.3,10,,,,,,190,1.4000000000000001,50,,,,,,,,,,20,1.3,0,,100,0.6,10
#45100,"Student monitors, crossing guards and related occupations",90,-0.7000000000000001,20,,60,0.1,10,,1280,1.2,580,,,,,,20,-0.4,10,,160,1.7999999999999998,70,,200,0.8999999999999999,100
#50010,"Library, archive, museum and art gallery managers",,,,,60,2,50,,400,0.8999999999999999,180,,50,0.8,30,,40,-1.9,10,,70,0.2,30,,100,0.6,60
#50011,"Managers - publishing, motion pictures, broadcasting and performing arts",,,,,60,-0.8,20,,1270,1.4000000000000001,570,,40,0.5,10,,,,,,120,1.7999999999999998,90,,180,1.3,100
#50012,"Recreation, sports and fitness program and service directors",70,0.5,20,,70,1.2,40,,1660,1.0999999999999999,670,,30,-0.8999999999999999,0,,30,0.6,10,,380,0.5,170,,490,1,230
#51100,Librarians,,,,,40,3.5999999999999996,30,,500,0.3,170,,,,,,20,-1.9,0,,100,0.2,20,,90,-0.2,30
#51101,"Conservators and curators",,,,,,,,,270,1,70,,,,,,,,,,40,0.3,10,,100,1.0999999999999999,30
#51102,Archivists,,,,,,,,,40,0.8999999999999999,10,,,,,,,,,,,,,,50,0.7000000000000001,20
#51110,Editors,,,,,40,0,10,,1260,0.8999999999999999,460,,,,,,,,,,110,1.2,60,,430,1.2,240
#51111,"Authors and writers (except technical)",30,0.8999999999999999,10,,50,0.3,20,,3140,1.2,1040,,40,1.3,10,,,,,,380,1.2,200,,940,1.3,410
#51112,"Technical writers",,,,,,,,,890,2,400,,,,,,,,,,60,2,30,,190,2,120
#51113,Journalists,20,1.6,10,,20,1.0999999999999999,10,,770,0.4,220,,,,,,,,,,90,0.6,30,,150,0.8,60
#51114,"Translators, terminologists and interpreters",,,,,,,,,1350,1,470,,,,,,,,,,60,1.3,20,,180,0.8,60
#51120,"Producers, directors, choreographers and related occupations",,,,,100,-0.6,20,,5050,1.7000000000000002,2190,,50,0.3,10,,,,,,420,1.7000000000000002,210,,830,1.6,450
#51121,"Conductors, composers and arrangers",,,,,,,,,500,1,140,,,,,,,,,,,,,,110,1.4000000000000001,50
#51122,"Musicians and singers",60,1.9,20,,50,1.9,30,,5090,1.0999999999999999,1440,,40,2,20,,,,,,490,1,210,,1020,0.8999999999999999,390
#52100,"Library and public archive technicians",,,,,,,,,490,0.8,200,,,,,,20,-1.3,0,,90,1.4000000000000001,50,,130,0.8999999999999999,60
#52110,"Film and video camera operators",,,,,,,,,780,1.7999999999999998,310,,,,,,,,,,120,1.7000000000000002,40,,180,1.5,70
#52111,"Graphic arts technicians",,,,,,,,,3060,2.1,1210,,,,,,,,,,110,2.9000000000000004,50,,130,1.7999999999999998,60
#52112,"Broadcast technicians",,,,,,,,,80,0.6,30,,,,,,,,,,,,,,,,
#52113,"Audio and video recording technicians",,,,,50,-0.6,0,,2210,1.7000000000000002,870,,,,,,,,,,170,1.7000000000000002,50,,360,1.4000000000000001,130
#52114,"Announcers and other broadcasters",,,,,,,,,250,0.6,70,,,,,,20,-1.9,0,,50,0.1,10,,60,-0.2,20
#52119,"Other technical and coordinating occupations in motion pictures, broadcasting and the performing arts",80,0.8999999999999999,30,,110,-0.4,10,,5240,1.7999999999999998,2230,,,,,,,,,,370,1.7000000000000002,150,,560,1.4000000000000001,230
#52120,"Graphic designers and illustrators",170,-1.0999999999999999,30,,220,-0.3,20,,13850,1.7000000000000002,4650,,30,-1.4000000000000001,0,,20,1.7999999999999998,10,,1040,1.7000000000000002,340,,1920,1.4000000000000001,710
#52121,"Interior designers and interior decorators",30,0,10,,70,-0.6,10,,3810,0.8999999999999999,1270,,,,,,,,,,480,1.3,180,,670,0.8999999999999999,260
#53100,"Registrars, restorers, interpreters and other occupations related to museum and art galleries",20,0.5,10,,30,1.3,10,,520,1,130,,60,-0.8999999999999999,10,,,,,,50,0.3,20,,130,1.2,40
#53110,Photographers,20,-0.3,0,,80,-1.0999999999999999,0,,2140,0.8999999999999999,470,,,,,,30,0.8,10,,280,1.3,80,,640,0.8,160
#53111,"Motion pictures, broadcasting, photography and performing arts assistants and operators",,,,,,,,,3480,2,1520,,,,,,,,,,270,1.7000000000000002,100,,260,1.7000000000000002,110
#53120,Dancers,,,,,,,,,1180,1.0999999999999999,250,,20,2.4,10,,30,1.0999999999999999,10,,180,0.8,40,,190,0.8,40
#53121,"Actors, comedians and circus performers",20,0.5,10,,,,,,3180,1.4000000000000001,1090,,,,,,,,,,140,1.3,50,,240,1.4000000000000001,80
#53122,"Painters, sculptors and other visual artists",50,0.5,20,,60,1.4000000000000001,40,,2650,0.8999999999999999,840,,40,0.4,10,,30,-0.8999999999999999,0,,410,1,200,,1040,0.8999999999999999,430
#53123,"Theatre, fashion, exhibit and other creative designers",,,,,30,-0.6,10,,2210,1.2,710,,,,,,,,,,70,0.8999999999999999,30,,220,1.2,80
#53124,"Artisans and craftspersons",80,1.3,20,,140,0.8,60,,1900,0.7000000000000001,630,,60,0.1,10,,,,,,400,0.6,160,,950,0.7000000000000001,370
#53125,"Patternmakers - textile, leather and fur products",,,,,,,,,90,0.5,40,,,,,,,,,,,,,,20,1,10
#53200,Athletes,20,0.5,10,,,,,,490,1,130,,,,,,,,,,90,0.8,20,,170,0.8999999999999999,40
#53201,Coaches,40,0.8999999999999999,10,,80,1.2,30,,2350,1.2,680,,50,-0.3,10,,,,,,420,1,130,,410,1,170
#53202,"Sports officials and referees",,,,,,,,,130,1,30,,,,,,,,,,,,,,,,
#54100,"Program leaders and instructors in recreation, sport and fitness",320,0.7000000000000001,110,,480,1,140,,12520,1.2,3190,,390,-0.8999999999999999,50,,110,0.7000000000000001,40,,1830,0.7000000000000001,470,,2880,1.0999999999999999,870
#55109,"Other performers",,,,,,,,,530,0.8999999999999999,160,,,,,,,,,,70,0.8999999999999999,40,,140,1.3,50
#60010,"Corporate sales managers",160,0.8,60,,90,1.2,50,,9040,1.5,3830,,,,,,30,1.5,10,,1050,1.4000000000000001,580,,1140,1.7000000000000002,640
#60020,"Retail and wholesale trade managers",2750,0.4,980,,2370,0.5,1050,,43350,0.8999999999999999,16930,,1130,1,500,,1040,0.6,400,,9420,0.8,4610,,11440,1.2,5570
#60030,"Restaurant and food service managers",590,-0.1,110,,710,1.5,350,,17460,1.4000000000000001,6900,,210,1.0999999999999999,70,,290,0.8,90,,2670,0.8999999999999999,1070,,3340,1.0999999999999999,1290
#60031,"Accommodation service managers",140,2.3,110,,650,-0.6,150,,3610,1.4000000000000001,1600,,180,-0.1,70,,150,1.5,100,,970,1.5,490,,1480,1.7000000000000002,890
#60040,"Managers in customer and personal services",140,0.4,50,,140,0,40,,3380,1,1290,,70,2.4,50,,70,1,30,,670,1.4000000000000001,340,,950,1.6,510
#62010,"Retail sales supervisors",370,0.2,90,,370,0.4,120,,6120,0.8999999999999999,1940,,120,1,40,,200,-0.1,40,,1020,0.8,400,,1880,1.0999999999999999,750
#62020,"Food service supervisors",360,-0.1,20,,320,1.2,100,,7740,1.4000000000000001,2330,,90,1.5,30,,220,0.8,40,,1300,0.8999999999999999,370,,1520,1.0999999999999999,400
#62021,"Executive housekeepers",,,,,30,-0.8,10,,190,1.4000000000000001,110,,,,,,,,,,20,1.5,10,,70,1.9,30
#62022,"Accommodation, travel, tourism and related services supervisors",,,,,,,,,570,1.3,210,,20,-0.1,0,,,,,,100,1.5,40,,100,1.6,40
#62023,"Customer and information services supervisors",,,,,,,,,800,1,280,,,,,,,,,,,,,,80,1.7999999999999998,40
#62024,"Cleaning supervisors",90,1.7000000000000002,50,,60,0.2,20,,950,0.8999999999999999,400,,40,0.1,10,,40,1.0999999999999999,20,,220,1.5,130,,300,1.5,150
#62029,"Other services supervisors",,,,,30,1.0999999999999999,20,,950,0.7000000000000001,280,,,,,,,,,,80,0.8,40,,150,1.7000000000000002,90
#62100,"Technical sales specialists - wholesale trade",330,0.4,110,,100,0.2,40,,5720,0.8,2080,,,,,,90,1.4000000000000001,40,,840,1.0999999999999999,460,,750,1.0999999999999999,390
#62101,"Retail and wholesale buyers",130,0.2,40,,110,0.8999999999999999,50,,3580,0.8999999999999999,1220,,20,1.0999999999999999,10,,30,0.1,10,,480,0.8999999999999999,230,,570,1.0999999999999999,270
#62200,Chefs,190,0.1,40,,240,1,70,,10530,1.4000000000000001,3950,,40,1.7999999999999998,20,,50,0.8,20,,1620,1,450,,1970,1.3,730
#62201,"Funeral directors and embalmers",40,1.2,10,,20,0.6,10,,170,1.2,60,,,,,,,,,,100,1.5,40,,100,1.7000000000000002,40
#62202,"Jewellers, jewellery and watch repairers and related occupations",,,,,20,0.5,10,,460,0.8,160,,20,1,10,,,,,,60,0.8,20,,90,1,40
#63100,"Insurance agents and brokers",300,-0.5,50,,480,0.2,160,,8810,0.8999999999999999,3000,,140,2.3,80,,150,-0.1,30,,1690,1.0999999999999999,750,,1510,1.7000000000000002,660
#63101,"Real estate agents and salespersons",250,-0.1,40,,280,1.7000000000000002,130,,15050,0.5,3990,,110,3,70,,130,1,40,,1990,1.9,980,,3040,1.3,1250
#63102,"Financial sales representatives",170,-1.2,20,,150,0.5,40,,6030,0.2,1190,,90,2.5,60,,100,0.2,30,,840,-0.2,170,,1070,0.5,320
#63200,Cooks,750,0.1,140,,920,1.3,300,,16690,1.4000000000000001,5720,,340,1.4000000000000001,120,,410,0.8999999999999999,120,,3560,1,990,,4530,1.2,1420
#63201,"Butchers - retail and wholesale",20,0.2,10,,50,0.4,10,,740,0.8,210,,20,1,10,,,,,,80,0.5,20,,190,1.0999999999999999,50
#63202,Bakers,250,0.3,80,,440,1,120,,5690,1.5,2190,,160,0.5,50,,140,-0.2,30,,1130,1,330,,1540,1.5,560
#63210,"Hairstylists and barbers",330,1.2,100,,400,0.6,100,,8310,1.2,2550,,130,2.7,70,,110,1.2,30,,1920,1.5,720,,2310,1.7000000000000002,920
#63211,"Estheticians, electrologists and related occupations",240,1.2,60,,250,0.5,50,,6630,1.2,1870,,120,2.7,50,,80,1.2,20,,1230,1.4000000000000001,400,,1610,1.7000000000000002,580
#63220,"Shoe repairers and shoemakers",,,,,,,,,80,1,40,,,,,,,,,,,,,,70,1,30
#63221,Upholsterers,,,,,,,,,230,0.7000000000000001,80,,,,,,,,,,40,1.5,20,,80,1.6,40
#64100,"Retail salespersons and visual merchandisers",3720,0.3,920,,2850,0.5,620,,63290,0.8999999999999999,16940,,1080,0.8999999999999999,350,,1480,0.2,340,,13640,0.7000000000000001,3400,,16470,1.0999999999999999,5420
#64101,"Sales and account representatives - wholesale trade (non-technical)",200,0.5,50,,170,1.3,70,,8040,0.7000000000000001,2620,,40,1.5,10,,70,1,20,,1300,1,490,,1150,1.0999999999999999,480
#64200,"Tailors, dressmakers, furriers and milliners",,,,,50,0.5,20,,1340,0.8999999999999999,590,,20,2.7,10,,30,0.4,10,,170,1.0999999999999999,80,,250,1.2,100
#64201,"Image, social and other personal consultants",,,,,,,,,200,1.2,80,,,,,,,,,,20,0.8999999999999999,10,,40,1.3,20
#64300,"Maîtres d'hôtel and hosts/hostesses",80,-0.1,10,,20,1.5,0,,2520,1.4000000000000001,490,,,,,,,,,,510,0.8999999999999999,70,,470,1.0999999999999999,80
#64301,Bartenders,80,0.5,20,,100,1.4000000000000001,30,,2710,1.3,630,,30,0.8999999999999999,10,,30,0.8,10,,650,0.8,130,,610,1.0999999999999999,140
#64310,"Travel counsellors",40,-0.6,10,,20,2.6,10,,4000,1,1640,,,,,,,,,,380,4,300,,430,1.5,210
#64311,"Pursers and flight attendants",,,,,,,,,1320,1.5,660,,,,,,,,,,80,1.0999999999999999,40,,90,1.3,50
#64312,"Airline ticket and service agents",60,-0.6,10,,70,0.6,30,,1890,1.5,880,,60,3.1,50,,50,0.1,10,,60,1.0999999999999999,30,,170,1.5,110
#64313,"Ground and water transport ticket agents, cargo service representatives and related clerks",,,,,,,,,350,0.8999999999999999,110,,,,,,,,,,,,,,120,1,50
#64314,"Hotel front desk clerks",160,2.7,70,,200,-0.8,0,,1760,1.4000000000000001,550,,100,-0.1,0,,180,1.5,40,,490,1.5,140,,740,1.7000000000000002,300
#64320,"Tour and travel guides",,,,,40,0.8,10,,310,1,90,,,,,,,,,,80,3.3000000000000003,50,,60,1,10
#64321,"Casino workers",,,,,,,,,580,1.0999999999999999,190,,,,,,,,,,30,0.3,10,,,,
#64322,"Outdoor sport and recreational guides",,,,,,,,,200,1.2,50,,,,,,,,,,80,2.7,40,,90,0.3,30
#64400,"Customer services representatives - financial institutions",160,-0.8999999999999999,20,,230,0.5,60,,4510,0.2,740,,100,2.5,60,,120,0.2,30,,960,-0.3,150,,1040,0.5,240
#64401,"Postal services representatives",20,-1.5,0,,20,0.5,10,,520,2.3,290,,30,1.7999999999999998,20,,20,0.7000000000000001,10,,120,-0.5,30,,130,1.4000000000000001,60
#64409,"Other customer and information services representatives",1010,0.1,220,,410,0.8,120,,20160,1.0999999999999999,5890,,260,0.8999999999999999,80,,270,0.5,80,,2420,1,780,,4030,1.2,1290
#64410,"Security guards and related security service occupations",380,-0.1,90,,180,0.4,50,,9320,0.6,2400,,200,1,70,,110,1.2,40,,1160,1.3,460,,1730,1.7000000000000002,880
#65100,Cashiers,2180,0.2,470,,1490,0.4,280,,29120,0.8999999999999999,6760,,760,1,240,,810,0.1,160,,5710,0.7000000000000001,1230,,8090,1.0999999999999999,2200
#65101,"Service station attendants",60,0.2,10,,70,0.4,10,,360,0.8,100,,70,1,20,,,,,,100,0.5,20,,300,1.0999999999999999,70
#65102,"Store shelf stockers, clerks and order fillers",1400,0.2,320,,1060,0.4,190,,18580,0.8,4680,,450,1,150,,560,0,110,,4010,0.6,790,,5410,1.0999999999999999,1490
#65109,"Other sales related occupations",130,0.2,30,,60,0.4,10,,2260,1,560,,,,,,,,,,400,0.8999999999999999,110,,530,1.2,180
#65200,"Food and beverage servers",440,0.1,50,,610,1.4000000000000001,160,,14010,1.4000000000000001,3610,,130,1.5,40,,250,0.8,50,,3210,0.8999999999999999,620,,3520,1.2,850
#65201,"Food counter attendants, kitchen helpers and related support occupations",1740,0.1,220,,1540,1.2,370,,38570,1.4000000000000001,10890,,570,1.5,180,,990,0.8,210,,7000,1,1510,,9200,1.2,2290
#65202,"Meat cutters and fishmongers - retail and wholesale",30,0.2,10,,60,0.4,10,,600,0.8,220,,20,1,10,,40,0.1,10,,110,0.5,30,,270,1.0999999999999999,100
#65210,"Support occupations in accommodation, travel and facilities set-up services",,,,,,,,,590,1,150,,,,,,,,,,,,,,50,1.2,20
#65211,"Operators and attendants in amusement, recreation and sport",140,0.8,40,,260,1,70,,3110,1.0999999999999999,810,,130,-1,10,,100,1.0999999999999999,40,,810,0.5,180,,700,1.0999999999999999,220
#65220,"Pet groomers and animal care workers",130,1.0999999999999999,30,,200,0.5,40,,2270,1.0999999999999999,580,,70,2.7,30,,40,1.2,10,,600,1.3,200,,880,1.5,320
#65229,"Other support occupations in personal services",,,,,,,,,440,1.5,200,,,,,,,,,,70,1.4000000000000001,30,,110,1.6,40
#65310,"Light duty cleaners",1170,0.7000000000000001,340,,1130,0.5,320,,17920,1,7180,,690,0.8,200,,630,1.2,210,,4240,1.5,1790,,5480,1.7000000000000002,2700
#65311,"Specialized cleaners",180,-0.1,40,,170,0.5,40,,3100,0.6,730,,60,0,10,,90,0,20,,880,1.0999999999999999,290,,940,0.8999999999999999,290
#65312,"Janitors, caretakers and heavy-duty cleaners",920,0,240,,830,0.8,320,,9380,0.8,3670,,510,0.5,160,,410,0.6,130,,2160,1.4000000000000001,980,,2990,1.4000000000000001,1460
#65320,"Dry cleaning, laundry and related occupations",90,0.8999999999999999,30,,80,-0.3,20,,1230,1.3,610,,70,1.5,30,,20,1.2,10,,370,1.7000000000000002,180,,530,1.7000000000000002,260
#65329,"Other service support occupations",50,1.4000000000000001,10,,30,1.3,10,,1780,1.2,470,,20,0.2,0,,,,,,240,1.2,100,,360,1.3,110
#70010,"Construction managers",560,-0.4,140,,400,0.2,160,,12670,0.5,4070,,510,0.2,160,,300,0.5,110,,2440,1.5,1420,,2910,0.8,1220
#70011,"Home building and renovation managers",330,1.9,170,,420,0.2,150,,6570,0.3,2160,,200,1.9,100,,140,2.7,90,,1430,2,880,,2350,1.0999999999999999,1120
#70012,"Facility operation and maintenance managers",260,-0.1,90,,500,0.4,250,,9080,0.8999999999999999,4190,,210,2,130,,140,0.7000000000000001,60,,1630,1.0999999999999999,960,,2300,1.2,1300
#70020,"Managers in transportation",160,-0.7000000000000001,40,,180,0.4,80,,5070,0.8999999999999999,2010,,90,3.8,80,,30,1.0999999999999999,10,,500,1.2,280,,690,1.2,350
#70021,"Postal and courier services managers",20,-1.2,0,,,,,,480,2.5,310,,20,3.4000000000000004,20,,20,0.4,0,,70,-0.5,30,,100,1.3,60
#72010,"Contractors and supervisors, machining, metal forming, shaping and erecting trades and related occupations",70,-0.3,20,,,,,,1160,0.2,360,,,,,,20,1.0999999999999999,10,,260,1,140,,250,0.7000000000000001,110
#72011,"Contractors and supervisors, electrical trades and telecommunications occupations",150,-0.1,50,,110,-0.4,30,,2430,0.5,840,,80,0.3,30,,60,1.0999999999999999,30,,470,1.3,230,,670,0.5,270
#72012,"Contractors and supervisors, pipefitting trades",30,0.4,0,,30,-0.4,0,,1120,0.4,210,,20,0.2,0,,60,1,20,,170,1.5,50,,300,0.5,70
#72013,"Contractors and supervisors, carpentry trades",80,1.4000000000000001,30,,120,-0.1,20,,1860,0.3,460,,20,0.2,0,,60,2.4,30,,470,1.7000000000000002,200,,750,0.7000000000000001,220
#72014,"Contractors and supervisors, other construction trades, installers, repairers and servicers",220,0.7000000000000001,80,,260,-0.1,80,,6220,0.4,1930,,80,0,20,,70,0.6,30,,1120,1.4000000000000001,580,,1850,0.6,720
#72020,"Contractors and supervisors, mechanic trades",190,0,70,,140,0.4,60,,1760,0.7000000000000001,630,,30,4.1000000000000005,30,,70,0.4,30,,450,1.0999999999999999,240,,500,0.7000000000000001,210
#72021,"Contractors and supervisors, heavy equipment operator crews",340,-0.8999999999999999,90,,210,0.3,90,,3190,0.6,1160,,380,-0.1,130,,190,-1.2,40,,1200,0.8999999999999999,620,,1150,0.5,530
#72022,"Supervisors, printing and related occupations",,,,,,,,,120,0.4,40,,,,,,,,,,,,,,,,
#72023,"Supervisors, railway transport operations",,,,,,,,,140,0,80,,,,,,,,,,20,2.7,30,,,,
#72024,"Supervisors, motor transport and other ground transit operators",50,-0.4,20,,,,,,950,0.8,390,,,,,,,,,,60,1.0999999999999999,40,,150,1.7999999999999998,80
#72025,"Supervisors, mail and message distribution occupations",20,-1.9,0,,60,0.5,40,,520,2.4,350,,,,,,20,0.4,10,,70,-0.1,40,,160,1.4000000000000001,100
#72100,"Machinists and machining and tooling inspectors",250,-1.0999999999999999,40,,150,0.1,30,,2150,0.4,700,,20,0.3,10,,20,-0.2,10,,330,0.5,90,,350,0.7000000000000001,130
#72101,"Tool and die makers",,,,,,,,,240,0.2,90,,,,,,,,,,,,,,20,0,10
#72102,"Sheet metal workers",60,1.2,10,,60,-1.6,0,,1730,0.2,310,,30,2.6,10,,20,1.0999999999999999,0,,380,1.3,130,,590,0.5,130
#72103,Boilermakers,30,-1.0999999999999999,10,,,,,,110,0.1,20,,,,,,,,,,40,0.8,10,,80,0.2,20
#72104,"Structural metal and platework fabricators and fitters",80,0.2,10,,70,-1.6,0,,1210,0.1,330,,,,,,,,,,210,0.3,50,,270,0.8999999999999999,90
#72105,Ironworkers,60,0.5,10,,20,-0.4,0,,1570,0.2,260,,50,-1,0,,,,,,150,1.2,60,,160,0.7000000000000001,30
#72106,"Welders and related machine operators",810,-0.3,90,,750,-0.5,100,,4910,0.5,1260,,380,2,160,,340,1.2,110,,1700,1,550,,1350,0.8999999999999999,400
#72200,"Electricians (except industrial and power system)",370,0.2,20,,410,-0.4,40,,9340,0.5,1500,,290,0.8,40,,230,1.0999999999999999,40,,1950,1.4000000000000001,650,,3070,0.6,570
#72201,"Industrial electricians",440,-0.5,80,,330,-0.2,90,,970,0.5,290,,190,0.8,70,,210,0.3,60,,570,0.8,230,,500,0.5,170
#72202,"Power system electricians",60,-0.7000000000000001,10,,110,-0.3,30,,210,0.6,70,,,,,,,,,,50,0.8,20,,90,0.6,40
#72203,"Electrical power line and cable workers",130,-1,20,,190,-0.2,60,,490,0.6,120,,30,-1.4000000000000001,0,,,,,,230,0.5,90,,280,0.6,90
#72204,"Telecommunications line and cable installers and repairers",50,-0.2,10,,20,-0.6,0,,640,0.7000000000000001,220,,20,2.5,10,,,,,,270,0,30,,190,-0.2,30
#72205,"Telecommunications equipment installation and cable television service technicians",110,-0.3,20,,60,-0.6,0,,1560,0.7000000000000001,580,,20,2.5,10,,,,,,250,0,30,,460,-0.3,100
#72300,Plumbers,220,0.4,20,,250,-0.3,50,,6190,0.5,1160,,160,0.4,20,,90,0.8999999999999999,20,,1100,1.4000000000000001,470,,1580,0.6,370
#72301,"Steamfitters, pipefitters and sprinkler system installers",140,-0.3,0,,190,-0.2,50,,1210,0.4,260,,40,0.6,0,,140,0.4,10,,230,1.2,100,,510,0.3,150
#72302,"Gas fitters",20,0.4,10,,60,-0.2,20,,550,0.5,140,,,,,,40,0,10,,90,1.3,50,,190,0.6,70
#72310,Carpenters,1270,0.2,330,,1440,-0.1,270,,15180,0.4,3560,,920,0.7000000000000001,290,,460,1,160,,4080,1.6,1730,,7400,0.8,2150
#72311,Cabinetmakers,,,,,30,0.5,10,,1520,0.1,450,,20,-0.7000000000000001,0,,,,,,270,0.6,90,,410,0.2,130
#72320,Bricklayers,40,0.4,10,,,,,,910,0.4,230,,,,,,,,,,130,1.5,60,,380,0.7000000000000001,120
#72321,Insulators,20,0.4,0,,40,-0.3,10,,680,0.4,150,,,,,,20,1.0999999999999999,0,,140,1.4000000000000001,60,,240,0.6,70
#72400,"Construction millwrights and industrial mechanics",1110,-0.8999999999999999,190,,730,-0.1,220,,3260,0.4,1000,,430,1.0999999999999999,180,,490,0.3,160,,1340,0.7000000000000001,550,,740,0.4,280
#72401,"Heavy-duty equipment mechanics",910,-0.2,160,,850,0.4,250,,2630,0.8,720,,590,0.8,180,,540,0.3,130,,1290,1.0999999999999999,500,,1260,0.8999999999999999,410
#72402,"Heating, refrigeration and air conditioning mechanics",100,0.4,10,,110,-0.2,20,,2070,0.5,430,,20,0.2,0,,20,1.0999999999999999,0,,520,1.3,210,,540,0.7000000000000001,150
#72403,"Railway carmen/women",50,-1.9,10,,,,,,190,-0.2,30,,,,,,,,,,70,3.8,60,,,,
#72404,"Aircraft mechanics and aircraft inspectors",150,-0.4,30,,60,1.0999999999999999,20,,2620,1.4000000000000001,1120,,100,2.7,60,,,,,,720,1.0999999999999999,220,,500,1.0999999999999999,200
#72405,"Machine fitters",,,,,,,,,30,0.6,10,,,,,,,,,,,,,,20,0.6,10
#72406,"Elevator constructors and mechanics",30,0.4,10,,,,,,910,0.4,270,,,,,,,,,,50,1.4000000000000001,30,,140,0.5,40
#72410,"Automotive service technicians, truck and bus mechanics and mechanical repairers",1180,0,250,,890,0,220,,10300,0.6,2640,,520,0.7000000000000001,160,,520,0.3,130,,2540,1.0999999999999999,960,,2590,0.5,750
#72411,"Auto body collision, refinishing and glass technicians and damage repair estimators",160,-0.2,30,,170,-0.2,50,,2970,0.3,730,,90,-0.7000000000000001,10,,60,-0.7000000000000001,10,,380,0.8999999999999999,180,,480,0.2,150
#72420,"Oil and solid fuel heating mechanics",,,,,,,,,20,0.4,10,,,,,,,,,,,,,,20,1.3,10
#72421,"Appliance servicers and repairers",,,,,30,0.6,10,,610,1,230,,,,,,,,,,70,1.5,30,,100,1.7000000000000002,50
#72422,"Electrical mechanics",40,0.4,10,,,,,,200,0.7000000000000001,80,,,,,,,,,,30,0.4,20,,20,1.2,10
#72423,"Motorcycle, all-terrain vehicle and other related mechanics",30,1,10,,70,0.7000000000000001,20,,680,1,240,,,,,,,,,,260,0.8999999999999999,80,,480,0.8,140
#72429,"Other small engine and small equipment repairers",,,,,,,,,70,0.8,30,,,,,,,,,,30,1.4000000000000001,10,,50,1.6,20
#72500,"Crane operators",70,0,10,,130,-0.7000000000000001,30,,1350,0.6,410,,270,1.6,80,,40,1,10,,250,1,110,,360,0.6,120
#72501,"Water well drillers",,,,,,,,,,,,,,,,,,,,,20,-0.3,0,,,,
#72600,"Air pilots, flight engineers and flying instructors",160,-0.6,20,,200,0.5,60,,2420,1.5,910,,150,2.8000000000000003,80,,60,0.1,10,,580,1.0999999999999999,210,,650,1.3,340
#72601,"Air traffic controllers and related occupations",30,-0.4,10,,90,0.6,30,,670,1.5,270,,40,2.7,20,,30,0.1,10,,100,1.0999999999999999,40,,120,1.3,50
#72602,"Deck officers, water transport",,,,,,,,,1070,1.0999999999999999,390,,200,1.9,100,,,,,,260,-1.7999999999999998,-30,,770,0.8,300
#72603,"Engineer officers, water transport",,,,,,,,,120,1.3,50,,,,,,,,,,,,,,60,1,30
#72604,"Railway traffic controllers and marine traffic regulators",,,,,,,,,160,0.3,50,,,,,,,,,,,,,,30,0.7000000000000001,10
#72999,"Other technical trades and related occupations",160,-1.7000000000000002,20,,50,0.5,20,,810,0,200,,40,0.8,20,,20,-1,10,,250,0.8999999999999999,90,,430,0.7000000000000001,140
#73100,"Concrete finishers",20,0.4,0,,40,-0.1,10,,950,0.4,220,,,,,,,,,,140,1.4000000000000001,60,,190,0.5,40
#73101,Tilesetters,20,0.4,10,,,,,,1240,0.4,360,,,,,,,,,,230,1.5,120,,280,0.5,80
#73102,"Plasterers, drywall installers and finishers and lathers",90,0.6,20,,110,-0.3,20,,2500,0.4,590,,,,,,20,1.0999999999999999,10,,630,1.6,290,,840,0.6,210
#73110,"Roofers and shinglers",60,0.2,10,,50,0.4,20,,1850,0.7000000000000001,490,,50,2,20,,,,,,370,1.2,140,,680,0.8,180
#73111,Glaziers,20,0.3,10,,,,,,1280,0.3,220,,,,,,,,,,180,1.0999999999999999,70,,260,0.4,60
#73112,"Painters and decorators (except interior decorators)",130,0.6,20,,160,-0.4,40,,5020,0.5,1270,,20,0.2,0,,50,1.0999999999999999,10,,950,1.4000000000000001,480,,1590,0.6,420
#73113,"Floor covering installers",50,0.4,10,,70,-0.1,20,,1030,0.4,230,,40,0.2,0,,,,,,310,1.3,140,,450,0.6,130
#73200,"Residential and commercial installers and servicers",130,0.8,20,,140,0.1,30,,4890,0.4,970,,40,0.2,0,,20,0.1,0,,1280,1.3,450,,1430,0.7000000000000001,360
#73201,"General building maintenance workers and building superintendents",470,0.8,150,,510,0.6,190,,7260,0.8999999999999999,3030,,230,1,70,,290,0.7000000000000001,90,,1560,1.4000000000000001,750,,2520,1.4000000000000001,1290
#73202,"Pest controllers and fumigators",,,,,,,,,330,0.4,110,,,,,,,,,,90,1.4000000000000001,40,,80,1.9,50
#73209,"Other repairers and servicers",80,0.4,20,,80,0.7000000000000001,20,,1100,0.8999999999999999,290,,20,1.9,10,,40,0.5,10,,250,0.6,50,,300,1.4000000000000001,120
#73300,"Transport truck drivers",2670,-0.4,530,,2390,0.4,980,,27510,0.3,6930,,1640,2.4,950,,1940,0.4,570,,4700,1.4000000000000001,2550,,4470,0.8999999999999999,1940
#73301,"Bus drivers, subway operators and other transit operators",200,0.4,40,,150,2.1999999999999997,120,,6420,1,2720,,140,3.6999999999999997,90,,180,0.4,40,,510,0.5,260,,1250,1.9,790
#73310,"Railway and yard locomotive engineers",150,-1.9,10,,220,-1,60,,630,0,220,,360,2.7,260,,70,-2.9000000000000004,0,,210,3.6999999999999997,210,,20,-1.6,10
#73311,"Railway conductors and brakemen/women",190,-1.9,0,,180,-1,10,,600,-0.3,120,,290,2.7,170,,40,-2.9000000000000004,0,,180,3.8,140,,40,5.7,70
#73400,"Heavy equipment operators",1150,-0.3,210,,1680,0.5,650,,4290,0.6,1180,,1170,0.6,350,,990,-0.2,190,,2410,0.8,1030,,2090,0.8,730
#73401,"Printing press operators",20,-2.9000000000000004,0,,,,,,980,0.2,360,,,,,,,,,,70,0.1,20,,80,0.4,30
#73402,"Drillers and blasters - surface mining, quarrying and construction",30,-0.5,10,,20,0.8999999999999999,10,,190,0.3,40,,,,,,,,,,130,1,50,,240,1,80
#74100,"Mail and parcel sorters and related occupations",80,-1.5,10,,80,0.5,30,,2450,2.4,1350,,50,2.1999999999999997,40,,20,0.4,10,,220,-0.5,50,,220,1.4000000000000001,90
#74101,"Letter carriers",140,-1.9,20,,90,0.5,40,,2990,2.5,1780,,100,1.7999999999999998,60,,50,0.4,20,,530,-0.5,170,,800,1.3,340
#74102,"Couriers and messengers",80,-1.5,10,,110,0.5,40,,3570,2.1999999999999997,1730,,50,1.7999999999999998,30,,30,0.4,10,,530,-0.3,130,,830,1.4000000000000001,330
#74200,"Railway yard and track maintenance workers",150,-1.9,10,,100,-0.8999999999999999,10,,480,-0.3,100,,90,2.8000000000000003,70,,,,,,210,3.8,160,,,,
#74201,"Water transport deck and engine room crew",,,,,,,,,490,1,150,,90,3.2,50,,,,,,110,-2.4,-20,,560,0.8,160
#74202,"Air transport ramp attendants",30,-0.4,0,,,,,,1620,1.6,720,,50,2.7,30,,,,,,60,1.2,20,,150,1.5,50
#74203,"Automotive and heavy truck and equipment parts installers and servicers",210,0.2,30,,170,0.5,20,,740,0.8,130,,100,0.5,20,,90,0.2,20,,550,0.8999999999999999,100,,250,0.6,40
#74204,"Utility maintenance workers",50,-0.5,0,,50,-0.3,20,,330,0.8999999999999999,120,,,,,,30,-0.8,0,,60,0.8999999999999999,30,,50,1.6,20
#74205,"Public works maintenance equipment operators and related workers",40,-0.3,10,,60,1,30,,750,0.6,200,,50,1,20,,40,0.6,10,,150,1.2,70,,210,2,110
#75100,"Longshore workers",,,,,,,,,3010,1.6,1300,,450,4.1000000000000005,320,,,,,,80,-0.5,10,,330,1,140
#75101,"Material handlers",1100,-0.4,210,,650,0,140,,24230,1.2,8120,,500,1.9,270,,380,0.3,110,,2640,0.8999999999999999,890,,2600,1.0999999999999999,920
#75110,"Construction trades helpers and labourers",960,0.1,190,,960,-0.2,150,,19250,0.4,4210,,1190,0.6,320,,790,0.1,150,,4320,1.4000000000000001,1630,,5090,0.8,1330
#75119,"Other trades helpers and labourers",80,0,10,,90,0.8,20,,710,0.5,140,,30,0.5,10,,30,0.8999999999999999,10,,120,1.0999999999999999,30,,160,0.7000000000000001,40
#75200,"Taxi and limousine drivers and chauffeurs",40,1.5,10,,20,3.4000000000000004,20,,5390,1.0999999999999999,2020,,60,4.5,50,,50,1.4000000000000001,20,,180,0,70,,770,2.1,460
#75201,"Delivery service drivers and door-to-door distributors",500,-0.1,100,,280,0.8,70,,11510,1.7000000000000002,4260,,200,1.0999999999999999,70,,150,0.8,50,,1990,0.7000000000000001,490,,2830,1.3,970
#75210,"Boat and cable ferry operators and related occupations",,,,,,,,,550,0.8999999999999999,150,,120,2.1999999999999997,70,,,,,,110,-1.6,-10,,630,1,260
#75211,"Railway and motor transport labourers",40,-2.3,0,,20,-0.4,10,,350,0.7000000000000001,90,,,,,,,,,,60,2.3,40,,80,1.2,30
#75212,"Public works and maintenance labourers",110,-0.1,30,,110,0.8999999999999999,50,,2070,1,590,,110,-1,10,,30,-0.4,10,,410,1.3,200,,470,2,260
#80010,"Managers in natural resources production and fishing",230,-0.8,70,,240,0.1,130,,530,0,230,,140,1.4000000000000001,80,,170,0.4,80,,280,0.5,170,,330,0.8999999999999999,220
#80020,"Managers in agriculture",180,-0.8,70,,390,-0.4,90,,3440,0.1,830,,200,-2.5,40,,320,-0.3,150,,3010,0,860,,1740,0.8999999999999999,690
#80021,"Managers in horticulture",,,,,20,-0.2,10,,340,0,120,,,,,,,,,,100,-0.1,40,,220,0.8999999999999999,100
#80022,"Managers in aquaculture",,,,,,,,,30,-0.1,10,,,,,,,,,,,,,,320,0.8999999999999999,150
#82010,"Supervisors, logging and forestry",320,-0.8,70,,140,-0.5,40,,390,-0.2,130,,180,-0.2,50,,160,-0.6,40,,190,-0.8999999999999999,50,,370,-0.6,80
#82020,"Supervisors, mining and quarrying",120,0.4,30,,260,0.1,100,,360,0.2,120,,70,3.4000000000000004,50,,80,0,20,,290,1.4000000000000001,160,,60,5.3,80
#82021,"Contractors and supervisors, oil and gas drilling and services",50,2.7,40,,140,-1.0999999999999999,40,,40,0.5,10,,,,,,330,0.8,140,,170,1.3,100,,50,3.2,40
#82030,"Agricultural service contractors and farm supervisors",,,,,,,,,260,0,50,,,,,,,,,,40,-0.1,20,,20,0.8999999999999999,10
#82031,"Contractors and supervisors, landscaping, grounds maintenance and horticulture services",50,-0.2,10,,110,0.7000000000000001,50,,2170,0.5,690,,20,0.3,10,,,,,,660,1.3,340,,520,1.7999999999999998,280
#83100,"Underground production and development miners",190,0.4,40,,300,0.4,110,,70,0,20,,130,4.1000000000000005,100,,110,0,10,,340,1.4000000000000001,170,,110,6,130
#83101,"Oil and gas well drillers, servicers, testers and related workers",,,,,100,-2.3,0,,250,1.0999999999999999,70,,,,,,140,0.7000000000000001,20,,140,1.6,70,,70,5.800000000000001,80
#83110,"Logging machinery operators",270,-1.2,50,,180,-1,50,,120,-1.7000000000000002,30,,260,-0.7000000000000001,60,,110,-1.6,10,,270,-1.7999999999999998,40,,610,-1.0999999999999999,130
#83120,"Fishing masters and officers",,,,,,,,,30,1.3,20,,,,,,,,,,,,,,50,-0.8999999999999999,20
#83121,Fishermen/women,,,,,,,,,140,1.3,80,,60,-0.3,10,,,,,,,,,,170,-1.4000000000000001,10
#84100,"Underground mine service and support workers",90,0.6,30,,70,0.8999999999999999,30,,,,,,20,2.1999999999999997,10,,,,,,130,1.4000000000000001,60,,20,5.5,20
#84101,"Oil and gas well drilling and related workers and services operators",20,0.6,0,,,,,,90,0.4,10,,,,,,220,0.5,30,,60,1.4000000000000001,30,,20,2.1,10
#84110,"Chain saw and skidder operators",230,-0.7000000000000001,40,,230,-0.8,30,,290,-1.4000000000000001,10,,220,-0.6,40,,70,-2.7,-10,,370,-1.5,20,,750,-0.8,70
#84111,"Silviculture and forestry workers",370,-0.7000000000000001,60,,140,-0.5,10,,230,0,30,,170,-0.4,30,,50,-0.8,10,,270,-0.3,30,,260,-0.2,40
#84120,"Specialized livestock workers and farm machinery operators",20,-0.8999999999999999,0,,40,0,0,,1420,0.2,350,,50,-2.5,0,,50,-0.3,10,,570,0,50,,470,1,130
#84121,"Fishing vessel deckhands",,,,,,,,,120,1.3,50,,,,,,,,,,,,,,140,-1.4000000000000001,10
#85100,"Livestock labourers",50,-0.6,10,,40,-0.2,0,,1390,0.3,230,,60,-2.1,0,,40,-0.3,10,,440,0.2,40,,340,1,100
#85101,"Harvesting labourers",,,,,20,-0.2,0,,1010,0,280,,,,,,,,,,450,-0.1,20,,150,0.8999999999999999,30
#85102,"Aquaculture and marine harvest labourers",,,,,,,,,50,0.8999999999999999,20,,,,,,,,,,,,,,290,0.7000000000000001,80
#85103,"Nursery and greenhouse labourers",60,-0.5,20,,80,0,10,,1750,0.1,370,,50,-1.9,0,,,,,,510,-0.6,50,,410,0.7000000000000001,100
#85104,"Trappers and hunters",,,,,,,,,,,,,,,,,,,,,,,,,,,
#85110,"Mine labourers",110,0.6,20,,110,-0.4,20,,120,0.2,20,,130,3.5000000000000004,80,,30,0,0,,80,1.4000000000000001,40,,,,
#85111,"Oil and gas drilling, servicing and related labourers",,,,,,,,,20,0,0,,,,,,460,0.8,90,,90,1,20,,20,5.1,20
#85120,"Logging and forestry labourers",240,-0.8,30,,220,-1.0999999999999999,0,,280,-1.4000000000000001,-30,,130,-0.8,20,,,,,,220,-1.9,-30,,410,-1,10
#85121,"Landscaping and grounds maintenance labourers",400,0.1,100,,800,1.0999999999999999,210,,9660,0.6,2280,,290,-0.4,50,,170,0.5,50,,3030,1.0999999999999999,840,,4020,1.7000000000000002,1800
#90010,"Manufacturing managers",370,0.1,130,,370,0.7000000000000001,190,,7900,0.3,2910,,60,-0.6,20,,100,-0.8,20,,1380,0.4,630,,1480,0.1,560
#90011,"Utilities managers",90,-0.4,30,,40,0,20,,930,0.6,450,,,,,,50,1.2,30,,180,0.8999999999999999,120,,220,1.3,140
#92010,"Supervisors, mineral and metal processing",,,,,40,1.3,20,,250,-0.4,70,,180,0.8,80,,,,,,30,0.8999999999999999,10,,,,
#92011,"Supervisors, petroleum, gas and chemical processing and utilities",60,0.2,20,,90,-0.4,40,,490,0.8,230,,30,0.6,10,,100,0.5,40,,170,0.8999999999999999,100,,80,0.8,40
#92012,"Supervisors, food and beverage processing",,,,,,,,,1800,1.3,670,,,,,,,,,,240,0.8,80,,150,1.5,70
#92013,"Supervisors, plastic and rubber products manufacturing",,,,,,,,,170,0.3,60,,,,,,,,,,40,0.3,20,,,,
#92014,"Supervisors, forest products processing",290,-1.7999999999999998,40,,120,-1.6,30,,480,-1.6,70,,60,0.8,30,,120,-0.6,40,,230,-0.4,90,,130,-1.0999999999999999,40
#92015,"Supervisors, textile, fabric, fur and leather products processing and manufacturing",,,,,,,,,100,0.6,40,,,,,,,,,,,,,,,,
#92020,"Supervisors, motor vehicle assembling",,,,,,,,,110,1,50,,,,,,,,,,,,,,,,
#92021,"Supervisors, electronics and electrical products manufacturing",,,,,,,,,220,0.5,100,,,,,,,,,,,,,,30,0.2,10
#92022,"Supervisors, furniture and fixtures manufacturing",,,,,,,,,90,0.3,20,,,,,,,,,,,,,,,,
#92023,"Supervisors, other mechanical and metal products manufacturing",,,,,,,,,120,0.7000000000000001,40,,,,,,,,,,20,-0.8,10,,30,-0.1,10
#92024,"Supervisors, other products manufacturing and assembly",,,,,,,,,160,0.2,30,,,,,,,,,,40,0.5,20,,,,
#92100,"Power engineers and power systems operators",750,-0.2,230,,750,-0.4,240,,2250,0.8,960,,280,1.2,130,,470,0.1,160,,950,0.6,430,,870,0.6,380
#92101,"Water and waste treatment plant operators",80,-0.6,20,,180,0.3,70,,600,0.6,210,,60,0.5,20,,60,1.5,30,,270,0.8,120,,430,1,180
#93100,"Central control and process operators, mineral and metal processing",,,,,400,1.2,230,,80,0.5,50,,110,0.8,40,,,,,,70,0.8999999999999999,30,,,,
#93101,"Central control and process operators, petroleum, gas and chemical processing",110,1.7999999999999998,50,,160,1,80,,630,0.8,230,,160,1.4000000000000001,70,,730,0.6,270,,200,1.2,110,,200,1.6,120
#93102,"Pulping, papermaking and coating control operators",80,0.1,40,,,,,,20,-1.9,0,,,,,,,,,,,,,,70,-2.1,10
#93200,"Aircraft assemblers and aircraft assembly inspectors",,,,,,,,,30,1,20,,,,,,,,,,,,,,20,-0.1,10
#94100,"Machine operators, mineral and metal processing",30,0.6,10,,70,1.0999999999999999,40,,200,-0.2,70,,310,1,70,,,,,,50,1.4000000000000001,30,,20,1.7999999999999998,10
#94101,"Foundry workers",,,,,20,1.3,10,,60,-1,20,,,,,,,,,,40,0.4,10,,,,
#94102,"Glass forming and finishing machine operators and glass cutters",,,,,,,,,240,0.1,50,,,,,,,,,,20,0,0,,,,
#94103,"Concrete, clay and stone forming operators",,,,,,,,,350,0.2,80,,,,,,,,,,30,0,0,,60,0.7000000000000001,10
#94104,"Inspectors and testers, mineral and metal processing",,,,,,,,,110,0,40,,,,,,,,,,,,,,,,
#94105,"Metalworking and forging machine operators",30,0.1,0,,,,,,540,-0.1,130,,,,,,,,,,140,0.8999999999999999,50,,90,0.8999999999999999,30
#94106,"Machining tool operators",,,,,,,,,270,0.1,70,,,,,,,,,,30,-0.6,0,,40,0.5,10
#94107,"Machine operators of other metal products",,,,,,,,,80,-0.3,20,,,,,,,,,,,,,,,,
#94110,"Chemical plant machine operators",,,,,,,,,260,0.5,80,,,,,,30,0.3,0,,50,0.8999999999999999,20,,20,0.2,0
#94111,"Plastics processing machine operators",,,,,,,,,570,0.2,200,,,,,,,,,,50,0.8999999999999999,20,,,,
#94112,"Rubber processing machine operators and related workers",,,,,,,,,90,0.4,30,,,,,,,,,,50,0.4,10,,,,
#94120,"Sawmill machine operators",360,-2.4,30,,100,0,40,,600,-2,60,,80,1.3,50,,60,-1.4000000000000001,10,,300,0.1,120,,480,-1.3,70
#94121,"Pulp mill, papermaking and finishing machine operators",350,-0.3,40,,190,-2.8000000000000003,10,,190,-1.4000000000000001,40,,,,,,,,,,90,-0.8,30,,400,-2,40
#94122,"Paper converting machine operators",,,,,,,,,210,-1.6,20,,,,,,,,,,,,,,,,
#94123,"Lumber graders and other wood processing inspectors and graders",130,-1.9,20,,60,0,20,,390,-2.4,20,,50,0.6,20,,,,,,120,-0.2,30,,150,-1.4000000000000001,20
#94124,"Woodworking machine operators",40,-2.9000000000000004,0,,30,0,10,,430,-0.5,90,,,,,,,,,,110,-0.2,30,,60,-0.3,20
#94129,"Other wood processing machine operators",130,-2,20,,30,0,10,,210,-2.4,10,,,,,,,,,,160,0,60,,50,-1.3,10
#94130,"Textile fibre and yarn, hide and pelt processing machine operators and workers",,,,,,,,,150,0.7000000000000001,40,,,,,,,,,,,,,,20,0,0
#94131,"Weavers, knitters and other fabric making occupations",,,,,,,,,110,0.5,30,,,,,,,,,,,,,,20,0,0
#94132,"Industrial sewing machine operators",,,,,,,,,1230,0.5,560,,,,,,,,,,40,0.5,10,,80,0.4,30
#94133,"Inspectors and graders, textile, fabric, fur and leather products manufacturing",,,,,,,,,170,0.5,50,,,,,,,,,,,,,,,,
#94140,"Process control and machine operators, food and beverage processing",110,1.9,40,,270,0.4,50,,4640,1.0999999999999999,1570,,90,-0.4,10,,,,,,1470,0.8,340,,660,1,200
#94141,"Industrial butchers and meat cutters, poultry preparers and related workers",,,,,,,,,1290,1.6,570,,60,-0.4,20,,60,-0.7000000000000001,10,,330,1.3,110,,70,1.5,20
#94142,"Fish and seafood plant workers",,,,,,,,,590,1.6,350,,30,-0.4,10,,,,,,,,,,370,1.7000000000000002,160
#94143,"Testers and graders, food and beverage processing",30,1.9,10,,50,1.0999999999999999,20,,600,1.2,210,,,,,,,,,,130,0.8,30,,90,1.6,40
#94150,"Plateless printing equipment operators",,,,,,,,,430,0.1,160,,,,,,,,,,40,0.2,10,,80,0.6,30
#94151,"Camera, platemaking and other prepress occupations",,,,,,,,,130,0.3,40,,,,,,,,,,,,,,,,
#94152,"Binding and finishing machine operators",,,,,,,,,230,0.3,80,,,,,,,,,,,,,,40,0.3,10
#94153,"Photographic and film processors",,,,,,,,,250,1.2,90,,,,,,,,,,20,2.1,10,,60,1.3,20
#94200,"Motor vehicle assemblers, inspectors and testers",,,,,90,-5.1,-30,,830,0.8,330,,,,,,20,-0.7000000000000001,0,,90,0,10,,80,0.4,30
#94201,"Electronics assemblers, fabricators, inspectors and testers",,,,,,,,,1100,0.8,390,,,,,,,,,,90,1.5,30,,120,0.1,30
#94202,"Assemblers and inspectors, electrical appliance, apparatus and equipment manufacturing",,,,,,,,,320,0.5,130,,,,,,,,,,,,,,30,1.2,10
#94203,"Assemblers, fabricators and inspectors, industrial electrical motors and transformers",,,,,,,,,70,0.4,20,,,,,,,,,,,,,,,,
#94204,"Mechanical assemblers and inspectors",,,,,,,,,760,0.8999999999999999,290,,,,,,,,,,120,-0.5,20,,30,0.8,10
#94205,"Machine operators and inspectors, electrical apparatus manufacturing",,,,,,,,,110,0.4,40,,,,,,,,,,,,,,,,
#94210,"Furniture and fixture assemblers, finishers, refinishers and inspectors",50,1.7000000000000002,10,,30,0.4,10,,1180,0.3,310,,,,,,,,,,160,0.8,50,,210,0.4,50
#94211,"Assemblers and inspectors of other wood products",40,-0.6,10,,40,0.1,20,,700,-1.4000000000000001,40,,,,,,,,,,180,0.3,70,,130,-1.2,10
#94212,"Plastic products assemblers, finishers and inspectors",,,,,,,,,220,0.5,70,,,,,,,,,,20,0,0,,40,0.5,10
#94213,"Industrial painters, coaters and metal finishing process operators",60,1.2,10,,,,,,1150,0.3,350,,,,,,,,,,220,1.2,90,,160,0.5,60
#94219,"Other products assemblers, finishers and inspectors",,,,,30,5,40,,1550,0.2,430,,,,,,,,,,280,2,150,,550,1,210
#95100,"Labourers in mineral and metal processing",30,-1.0999999999999999,0,,40,1.2,20,,770,0.1,190,,130,0.8,40,,,,,,60,0.7000000000000001,20,,50,0,10
#95101,"Labourers in metal fabrication",60,1.0999999999999999,10,,,,,,1020,-0.2,220,,,,,,30,-1.4000000000000001,0,,70,0.6,20,,150,0.4,40
#95102,"Labourers in chemical products processing and utilities",,,,,,,,,560,0.7000000000000001,200,,,,,,,,,,70,1.3,30,,100,1.2,30
#95103,"Labourers in wood, pulp and paper processing",1240,-2,90,,340,-0.7000000000000001,70,,1790,-2.1,20,,250,1,120,,190,-1,40,,960,0.2,300,,550,-1.2,30
#95104,"Labourers in rubber and plastic products manufacturing",,,,,,,,,500,0.4,110,,,,,,,,,,40,0,10,,,,
#95105,"Labourers in textile processing and cutting",,,,,,,,,510,0.7000000000000001,180,,,,,,,,,,20,0.3,0,,,,
#95106,"Labourers in food and beverage processing",180,1.5,40,,210,1,60,,11440,1.5,5220,,40,-0.8999999999999999,0,,,,,,1820,1.0999999999999999,520,,670,1.4000000000000001,250
#95107,"Labourers in fish and seafood processing",,,,,,,,,440,1.5,250,,50,-0.4,10,,,,,,,,,,260,1.5,110
#95109,"Other labourers in processing, manufacturing and utilities",210,-0.5,40,,190,0.7000000000000001,60,,6110,0.5,1740,,60,1.7000000000000002,30,,50,1.2,20,,830,0.7000000000000001,230,,800,1.0999999999999999,270
