"CAREER PROFILE: B.C. Labour Market Outlook 2022-2032 (Provincial Outlook)",,,,,,,,,,,
NOC,Description,"Forecasted average employment growth rate (%)",,"Job Openings",,,"10 year expected job openings","10 year Replacement of retiring workers",,"10 year New jobs due to economic growth",
,,2022--2027,2027–2032,2022,2027,2032,2022–2032,%,Number,%,Number
#0011,Legislators,1,1.3,-0,50,60,520,80,400,20,100
#0012,"Senior Government Managers And Officials",0.8999999999999999,1.0999999999999999,80,140,150,1440,82.2,1200,17.8,260
#0013,"Senior Managers - Financial, Communications And Other Business Services",2.1999999999999997,2.6,740,660,810,6700,55.1,3690,44.9,3010
#0014,"Senior Managers - Health, Education, Social And Community Services And Membership Organizations",1.4000000000000001,1.5,420,270,290,2670,75.4,2020,24.6,660
#0015,"Senior Managers - Trade, Broadcasting And Other Services, N.e.c.",1.6,1.7000000000000002,600,400,460,4080,69.7,2850,30.3,1240
#0016,"Senior Managers - Construction, Transportation, Production And Utilities",0.6,0.6,530,390,400,3980,86.7,3450,13.3,530
#0111,"Financial Managers",1.0999999999999999,1.3,610,500,580,5070,75,3800,25,1270
#0112,"Human Resources Managers",1.3,1.4000000000000001,300,300,340,3020,70,2120,30,910
#0113,"Purchasing Managers",1.0999999999999999,1.0999999999999999,190,160,170,1580,79.6,1250,20.4,320
#0114,"Other Administrative Services Managers",1.3,1.4000000000000001,310,290,330,2980,75.4,2240,24.6,730
#0121,"Insurance, Real Estate And Financial Brokerage Managers",0.6,0.8,-150,290,260,3070,82,2510,18,550
#0122,"Banking, Credit And Other Investment Managers",0.2,1.2,900,360,620,3570,81.5,2900,18.5,660
#0124,"Advertising, Marketing And Public Relations Managers",1.7000000000000002,1.7000000000000002,450,440,520,4500,53.5,2400,46.5,2090
#0125,"Other Business Services Managers",1.3,1.6,310,250,280,2490,74.3,1850,25.7,640
#0131,"Telecommunication Carriers Managers",-0.8,1.5,-180,80,100,670,91.2,620,8.799999999999999,60
#0132,"Postal And Courier Services Managers",0.3,1.6,-40,20,30,210,65,130,35,70
#0211,"Engineering Managers",1.6,1.5,90,170,190,1730,69,1200,31,540
#0212,"Architecture And Science Managers",1.6,1.3,30,80,80,770,73.7,560,26.3,200
#0213,"Computer And Information Systems Managers",2.7,3,790,840,1030,8550,56.1,4800,43.9,3760
#0311,"Managers In Health Care",1.5,1.7000000000000002,250,350,380,3420,68.9,2350,31.1,1060
#0411,"Government Managers - Health And Social Policy Development And Program Administration",0.8999999999999999,0.8999999999999999,30,30,40,350,75,300,25,100
#0412,"Government Managers - Economic Analysis, Policy Development And Program Administration",1.0999999999999999,1.2,20,60,70,650,83.9,520,16.1,100
#0413,"Government Managers - Education Policy Development And Program Administration",0,1.4000000000000001,10,10,10,100,100,100,0,0
#0414,"Other Managers In Public Administration",1.2,1.0999999999999999,20,60,60,600,83.3,500,16.7,100
#0421,"Administrators - Post-Secondary Education And Vocational Training",1.2,0.8,140,150,160,1600,77.6,1250,22.400000000000002,360
#0422,"School Principals And Administrators Of Elementary And Secondary Education",1,0.6,180,210,200,2020,84.7,1720,15.299999999999999,310
#0423,"Managers In Social, Community And Correctional Services",1.5,1.2,250,270,290,2750,72.1,1990,27.900000000000002,770
#0431,"Commissioned Police Officers",1.0999999999999999,1,0,10,10,110,100,100,0,0
#0432,"Fire Chiefs And Senior Firefighting Officers",1.3,1.6,-10,40,40,400,76.9,300,23.1,90
#0433,"Commissioned Officers Of The Canadian Forces",0.6,0.8,-20,50,60,520,84.6,440,15.4,80
#0511,"Library, Archive, Museum And Art Gallery Managers",1,1.5,20,30,30,300,71.4,200,28.599999999999998,80
#0512,"Managers - Publishing, Motion Pictures, Broadcasting And Performing Arts",1.9,1.5,70,80,100,940,74,710,26,250
#0513,"Recreation, Sports And Fitness Program And Service Directors",2.6,1.7999999999999998,330,130,130,1320,57.300000000000004,750,42.699999999999996,560
#0601,"Corporate Sales Managers",1.4000000000000001,1.7000000000000002,240,210,250,2120,71.80000000000001,1530,28.199999999999996,600
#0621,"Retail And Wholesale Trade Managers",1.3,1.4000000000000001,2380,2160,2540,21810,64.80000000000001,14110,35.199999999999996,7680
#0631,"Restaurant And Food Service Managers",1.3,1.0999999999999999,2250,810,1000,8890,70.7,6270,29.299999999999997,2600
#0632,"Accommodation Service Managers",2,1.6,1380,520,600,5590,61,3410,39,2180
#0651,"Managers In Customer And Personal Services, N.e.c.",1.4000000000000001,1.7000000000000002,550,220,280,2240,59.2,1320,40.8,910
#0711,"Construction Managers",0.8,1.0999999999999999,1290,740,920,8150,80.1,6530,19.900000000000002,1620
#0712,"Home Building And Renovation Managers",-0.3,2.6,1630,800,1410,9830,74.2,7300,25.8,2540
#0714,"Facility Operation And Maintenance Managers",1.3,1.2,830,530,570,5380,74.5,4030,25.5,1380
#0731,"Managers In Transportation",1.0999999999999999,1.0999999999999999,500,290,330,3040,74.9,2270,25.1,760
#0811,"Managers In Natural Resources Production And Fishing",0.4,0.3,150,110,120,1180,93.2,1090,6.800000000000001,80
#0821,"Managers In Agriculture",0.3,0.5,1510,320,340,3330,86.9,2910,13.100000000000001,440
#0822,"Managers In Horticulture",0.2,0.7000000000000001,110,30,30,290,84,210,16,40
#0823,"Managers In Aquaculture",0.4,0.8,100,10,20,150,100,100,0,0
#0911,"Manufacturing Managers",0.4,0.4,390,400,450,4270,90.3,3830,9.700000000000001,410
#0912,"Utilities Managers",0.7000000000000001,0.7000000000000001,-0,90,100,940,86,800,14.000000000000002,130
#1111,"Financial Auditors And Accountants",1.4000000000000001,1.0999999999999999,1290,1190,1020,11620,63.4,7370,36.6,4260
#1112,"Financial And Investment Analysts",0.6,1.2,220,160,230,1550,71,1100,28.999999999999996,450
#1113,"Securities Agents, Investment Dealers And Brokers",0,1.0999999999999999,210,100,160,960,81.2,820,18.8,190
#1114,"Other Financial Officers",0.2,1.2,1170,570,940,5660,76.3,4320,23.7,1340
#1121,"Human Resources Professionals",1.2,1.4000000000000001,350,330,350,3360,62.3,2100,37.7,1270
#1122,"Professional Occupations In Business Management Consulting",1.6,1.7000000000000002,480,470,550,4910,58,2850,42,2060
#1123,"Professional Occupations In Advertising, Marketing And Public Relations",1.7000000000000002,1.6,690,530,570,5380,54.4,2930,45.6,2460
#1211,"Supervisors, General Office And Administrative Support Workers",1.3,1.3,70,100,110,1000,71.80000000000001,740,28.199999999999996,290
#1212,"Supervisors, Finance And Insurance Office Workers",1.3,1.4000000000000001,90,120,140,1280,73.4,940,26.6,340
#1213,"Supervisors, Library, Correspondence And Related Information Workers",0.5,1.4000000000000001,-20,20,20,200,80,200,20,50
#1214,"Supervisors, Mail And Message Distribution Occupations",0.6,1.6,10,50,50,450,74.5,380,25.5,130
#1215,"Supervisors, Supply Chain, Tracking And Scheduling Co-Ordination Occupations",1.3,1.3,350,310,350,3120,70.3,2200,29.7,930
#1221,"Administrative Officers",1.2,1.3,2110,1920,2150,19550,72.8,14220,27.200000000000003,5320
#1222,"Executive Assistants",1.2,1.3,260,240,260,2420,66.4,1600,33.6,810
#1223,"Human Resources And Recruitment Officers",1.2,1.5,100,130,160,1300,58.900000000000006,760,41.099999999999994,530
#1224,"Property Administrators",0.7000000000000001,0.8,890,370,400,3870,79.3,3110,20.7,810
#1225,"Purchasing Agents And Officers",1.0999999999999999,1.2,260,250,260,2520,71.3,1790,28.7,720
#1226,"Conference And Event Planners",1.5,1.4000000000000001,360,130,160,1370,54.4,740,45.6,620
#1227,"Court Officers And Justices Of The Peace",1,1.5,20,20,10,190,83.3,100,16.7,20
#1228,"Employment Insurance, Immigration, Border Services And Revenue Officers",1.0999999999999999,1.0999999999999999,-210,150,170,1560,68.8,1060,31.2,480
#1241,"Administrative Assistants",1.0999999999999999,1.0999999999999999,1190,1030,1030,10480,67.3,7050,32.7,3430
#1242,"Legal Administrative Assistants",1.6,0.8999999999999999,250,260,150,2420,61.7,1500,38.3,930
#1243,"Medical Administrative Assistants",1.4000000000000001,1.7999999999999998,140,210,210,2000,57.800000000000004,1150,42.199999999999996,840
#1251,"Court Reporters, Medical Transcriptionists And Related Occupations",1.0999999999999999,1.7999999999999998,90,80,90,790,61,470,39,300
#1252,"Health Information Management Occupations",1.3,1.7000000000000002,10,40,40,360,69,200,31,90
#1253,"Records Management Technicians",1.3,1.2,20,20,20,240,66.69999999999999,200,33.300000000000004,100
#1254,"Statistical Officers And Related Research Support Occupations",1.5,1.7000000000000002,10,20,20,200,50,100,50,100
#1311,"Accounting Technicians And Bookkeepers",1.2,1,1480,960,820,9520,69.1,6590,30.9,2950
#1312,"Insurance Adjusters And Claims Examiners",1.2,0.5,-1080,130,-40,1600,72.19999999999999,1170,27.800000000000004,450
#1313,"Insurance Underwriters",1.4000000000000001,0.5,-410,40,-30,520,72.7,400,27.3,150
#1314,"Assessors, Valuators And Appraisers",0.8,0.8999999999999999,100,50,60,550,72.7,400,27.3,150
#1315,"Customs, Ship And Other Brokers",1.9,1.7999999999999998,20,40,30,360,58.800000000000004,200,41.199999999999996,140
#1411,"General Office Support Workers",1.0999999999999999,1.2,1200,1470,1480,14680,64.4,9460,35.6,5220
#1414,Receptionists,1.2,1.6,1320,970,1070,9490,54.199999999999996,5140,45.800000000000004,4340
#1415,"Personnel Clerks",1.0999999999999999,1.2,50,80,80,760,65.8,500,34.2,260
#1416,"Court Clerks",0.8,1.2,10,20,20,180,66.69999999999999,100,33.300000000000004,50
#1422,"Data Entry Clerks",1.2,1.4000000000000001,70,150,160,1540,58.800000000000004,900,41.199999999999996,630
#1423,"Desktop Publishing Operators And Related Occupations",1.7999999999999998,1.0999999999999999,10,10,10,110,58.800000000000004,100,41.199999999999996,70
#1431,"Accounting And Related Clerks",1.2,1.2,970,810,780,8010,65.5,5260,34.5,2770
#1432,"Payroll Clerks",1.0999999999999999,1.0999999999999999,200,200,200,2020,68.7,1380,31.3,630
#1434,"Banking, Insurance And Other Financial Clerks",0.6,1,-140,90,90,950,73.7,700,26.3,250
#1435,Collectors,0.6,1.4000000000000001,10,50,60,430,69.8,300,30.2,130
#1451,"Library Assistants And Clerks",-0.5,1.4000000000000001,-290,50,70,490,82,410,18,90
#1452,"Correspondence, Publication And Regulatory Clerks",1.2,1.3,50,140,140,1390,64.7,900,35.3,490
#1454,"Survey Interviewers And Statistical Clerks",1.2,1.3,-10,60,60,610,61,360,39,230
#1511,"Mail, Postal And Related Workers",0.4,1.7000000000000002,-110,180,180,1630,67.9,1100,32.1,520
#1512,"Letter Carriers",0.3,1.7000000000000002,-180,210,210,1870,69.9,1300,30.099999999999998,560
#1513,"Couriers, Messengers And Door-To-Door Distributors",0.6,1.4000000000000001,20,170,170,1590,66.5,1050,33.5,530
#1521,"Shippers And Receivers",1.0999999999999999,1.3,470,440,470,4330,61.4,2640,38.6,1660
#1522,"Storekeepers And Partspersons",1.4000000000000001,1.0999999999999999,300,180,190,1920,62.2,1200,37.8,730
#1523,"Production Logistics Co-Ordinators",1.5,1.0999999999999999,100,120,130,1320,62.8,810,37.2,480
#1524,"Purchasing And Inventory Control Workers",1.2,1.5,140,140,160,1450,61.199999999999996,900,38.800000000000004,570
#1525,Dispatchers,0.8,1.2,200,190,220,1970,71.80000000000001,1400,28.199999999999996,550
#1526,"Transportation Route And Crew Schedulers",1.0999999999999999,1.3,60,20,30,260,64.5,200,35.5,110
#2111,"Physicists And Astronomers",1.7999999999999998,1.2,0,20,10,160,55.6,100,44.4,80
#2112,Chemists,1.4000000000000001,1.2,30,50,50,540,62.3,330,37.7,200
#2113,"Geoscientists And Oceanographers",1.6,1.5,70,80,90,840,58.1,500,41.9,360
#2114,"Meteorologists And Climatologists",1.0999999999999999,1.0999999999999999,0,10,10,70,0,0,0,0
#2115,"Other Professional Occupations In Physical Sciences",1.7999999999999998,0.8,10,10,10,100,0,0,100,10
#2121,"Biologists And Related Scientists",1.4000000000000001,1.3,120,120,130,1250,51.6,640,48.4,600
#2122,"Forestry Professionals",-0.2,0.6,-10,30,50,380,91.7,330,8.3,30
#2123,"Agricultural Representatives, Consultants And Specialists",1.3,1.2,30,20,20,190,55.6,100,44.4,80
#2131,"Civil Engineers",1.6,1.6,240,450,490,4670,61.199999999999996,2860,38.800000000000004,1810
#2132,"Mechanical Engineers",1.5,1.4000000000000001,90,220,240,2300,53.699999999999996,1240,46.300000000000004,1070
#2133,"Electrical And Electronics Engineers",1.5,1.5,90,250,270,2530,54.3,1380,45.7,1160
#2134,"Chemical Engineers",1.2,1.0999999999999999,30,40,50,450,65.2,300,34.8,160
#2141,"Industrial And Manufacturing Engineers",1.3,1.2,30,50,50,540,66.69999999999999,400,33.300000000000004,200
#2142,"Metallurgical And Materials Engineers",1.9,1.3,10,10,10,110,50,100,50,100
#2143,"Mining Engineers",1.9,1.2,0,30,30,290,45.49999999999999,100,54.50000000000001,120
#2144,"Geological Engineers",1.7000000000000002,1.6,-0,50,60,500,50,250,50,250
#2145,"Petroleum Engineers",2.4,1.4000000000000001,10,10,10,100,83.3,100,16.7,20
#2146,"Aerospace Engineers",1.6,0.5,0,10,10,110,83.3,100,16.7,20
#2147,"Computer Engineers (Except Software Engineers And Designers)",2.3,2.8000000000000003,120,180,200,1760,44.699999999999996,800,55.300000000000004,990
#2148,"Other Professional Engineers, N.e.c.",1.7000000000000002,1.4000000000000001,40,40,40,410,51.300000000000004,200,48.699999999999996,190
#2151,Architects,2,1.9,0,160,180,1670,42.2,700,57.8,960
#2152,"Landscape Architects",1.6,1.9,10,20,20,200,50,100,50,100
#2153,"Urban And Land Use Planners",1.4000000000000001,1.6,-40,70,80,680,51.5,350,48.5,330
#2154,"Land Surveyors",1.6,1.7999999999999998,0,50,60,520,49,240,51,250
#2161,"Mathematicians, Statisticians And Actuaries",1.6,1.5,-10,40,30,370,54.1,200,45.9,170
#2171,"Information Systems Analysts And Consultants",2.8000000000000003,3.1,1350,1350,1590,13660,40.2,5490,59.8,8180
#2172,"Database Analysts And Data Administrators",2.1,2.5,150,160,180,1570,50.3,790,49.7,780
#2173,"Software Engineers And Designers",3.3000000000000003,3.5000000000000004,970,980,1180,9980,36.5,3640,63.5,6340
#2174,"Computer Programmers And Interactive Media Developers",3.5999999999999996,3.5999999999999996,1410,1290,1590,13480,30.10000000000001,4050,69.89999999999999,9410
#2175,"Web Designers And Developers",3.6999999999999997,3.8,520,450,550,4650,23.299999999999997,1080,76.7,3550
#2211,"Chemical Technologists And Technicians",1.0999999999999999,1.0999999999999999,40,90,90,890,64,570,36,320
#2212,"Geological And Mineral Technologists And Technicians",1.5,1.0999999999999999,40,40,40,420,54.1,200,45.9,170
#2221,"Biological Technologists And Technicians",1.2,1,90,50,50,490,61.199999999999996,300,38.800000000000004,190
#2222,"Agricultural And Fish Products Inspectors",1.3,1.2,-20,30,30,300,66.69999999999999,200,33.300000000000004,100
#2223,"Forestry Technologists And Technicians",-0.6,0.2,-20,40,70,540,111.1,540,0,0
#2224,"Conservation And Fishery Officers",0.8,0.8,20,30,30,300,66.69999999999999,200,33.300000000000004,100
#2225,"Landscape And Horticulture Technicians And Specialists",1.2,1.7000000000000002,160,110,140,1130,49.6,570,50.4,580
#2231,"Civil Engineering Technologists And Technicians",1.3,1.7000000000000002,-0,120,130,1190,58.300000000000004,700,41.699999999999996,500
#2232,"Mechanical Engineering Technologists And Technicians",1.4000000000000001,1.2,30,70,80,780,60,450,40,300
#2233,"Industrial Engineering And Manufacturing Technologists And Technicians",0.8,0.8999999999999999,20,60,60,610,70.2,400,29.799999999999997,170
#2234,"Construction Estimators",1.0999999999999999,0.6,170,90,90,920,68.2,600,31.8,280
#2241,"Electrical And Electronics Engineering Technologists And Technicians",1.2,1.2,190,200,200,2000,63.5,1270,36.5,730
#2242,"Electronic Service Technicians (Household And Business Equipment)",1.6,1.7999999999999998,620,360,400,3600,55.6,2000,44.4,1600
#2243,"Industrial Instrument Technicians And Mechanics",1.0999999999999999,0.7000000000000001,20,30,30,310,69,200,31,90
#2244,"Aircraft Instrument, Electrical And Avionics Mechanics, Technicians And Inspectors",2,0.7000000000000001,110,20,30,270,64.5,200,35.5,110
#2251,"Architectural Technologists And Technicians",2,1.9,10,70,80,740,52.6,400,47.4,360
#2252,"Industrial Designers",1.4000000000000001,1.4000000000000001,50,60,60,580,65.6,400,34.4,210
#2253,"Drafting Technologists And Technicians",1.6,1.5,100,160,180,1710,57,980,43,740
#2254,"Land Survey Technologists And Technicians",1.3,1.7999999999999998,-10,20,30,230,50,100,50,100
#2255,"Technical Occupations In Geomatics And Meteorology",1.2,1.4000000000000001,30,70,80,740,65.30000000000001,490,34.699999999999996,260
#2261,"Non-Destructive Testers And Inspection Technicians",1.4000000000000001,1.6,20,30,30,300,66.69999999999999,200,33.300000000000004,100
#2262,"Engineering Inspectors And Regulatory Officers",1.4000000000000001,1,20,30,30,310,64.5,200,35.5,110
#2263,"Inspectors In Public And Environmental Health And Occupational Health And Safety",1.0999999999999999,1,140,160,160,1700,69.4,1200,30.599999999999998,530
#2264,"Construction Inspectors",1.2,1.5,90,130,130,1350,69.4,930,30.599999999999998,410
#2271,"Air Pilots, Flight Engineers And Flying Instructors",1.7999999999999998,0.8,600,100,120,1200,57.9,700,42.1,510
#2272,"Air Traffic Controllers And Related Occupations",2.1999999999999997,0.7000000000000001,170,30,30,320,62.5,200,37.5,120
#2273,"Deck Officers, Water Transport",2,1.2,280,70,70,760,62.7,470,37.3,280
#2274,"Engineer Officers, Water Transport",2.1999999999999997,1.2,110,30,20,250,60.6,200,39.4,130
#2275,"Railway Traffic Controllers And Marine Traffic Regulators",1.0999999999999999,1,10,10,10,100,0,0,0,0
#2281,"Computer Network Technicians",2.1999999999999997,2.6,340,460,540,4620,43.300000000000004,2000,56.699999999999996,2620
#2282,"User Support Technicians",2.1999999999999997,2.7,730,830,980,8320,44.49999999999999,3710,55.50000000000001,4630
#2283,"Information Systems Testing Technicians",3.1,3.4000000000000004,80,80,110,870,29.80000000000001,250,70.19999999999999,590
#3011,"Nursing Co-Ordinators And Supervisors",1.5,1.6,120,210,220,2040,73.5,1500,26.5,540
#3012,"Registered Nurses And Registered Psychiatric Nurses",1.3,1.5,30,2360,2350,22100,59.9,13230,40.1,8850
#3111,"Specialist Physicians",1.0999999999999999,1.9,90,330,360,3170,60.099999999999994,1910,39.900000000000006,1270
#3112,"General Practitioners And Family Physicians",1.0999999999999999,1.9,180,370,400,3460,58,2020,42,1460
#3113,Dentists,1,2.1999999999999997,150,160,190,1550,58.4,900,41.6,640
#3114,Veterinarians,2.8000000000000003,1.3,70,90,40,790,58.4,450,41.6,320
#3121,Optometrists,1.0999999999999999,2.1,20,40,40,350,62.5,200,37.5,120
#3122,Chiropractors,1.0999999999999999,2.1,50,60,60,520,58.800000000000004,300,41.199999999999996,210
#3124,"Allied Primary Health Practitioners",2.8000000000000003,2.1999999999999997,50,70,70,730,45.8,330,54.2,390
#3125,"Other Professional Occupations In Health Diagnosing And Treating",1.0999999999999999,2.3,20,30,30,270,74.1,200,25.900000000000002,70
#3131,Pharmacists,0.8,1.4000000000000001,-140,160,190,1550,59.4,920,40.6,630
#3132,"Dietitians And Nutritionists",1.4000000000000001,1.6,70,90,100,880,60.699999999999996,540,39.300000000000004,350
#3141,"Audiologists And Speech-Language Pathologists",1,1.4000000000000001,20,60,60,550,63.800000000000004,300,36.199999999999996,170
#3142,Physiotherapists,1.0999999999999999,1.9,120,200,220,1920,62.2,1200,37.8,730
#3143,"Occupational Therapists",1.3,1.7000000000000002,30,110,120,1050,60,630,40,420
#3144,"Other Professional Occupations In Therapy And Assessment",1.7999999999999998,1.7999999999999998,110,80,80,750,39.5,300,60.5,460
#3211,"Medical Laboratory Technologists",1.0999999999999999,1.6,60,170,170,1600,64.4,1030,35.6,570
#3212,"Medical Laboratory Technicians And Pathologists' Assistants",1.0999999999999999,1.7999999999999998,50,190,210,1810,58.7,1050,41.3,740
#3213,"Animal Health Technologists And Veterinary Technicians",1.6,0.8,70,70,40,650,53,350,47,310
#3214,"Respiratory Therapists, Clinical Perfusionists And Cardiopulmonary Technologists",1.0999999999999999,1.6,-10,70,80,670,62.7,420,37.3,250
#3215,"Medical Radiation Technologists",1.0999999999999999,1.6,0,130,140,1230,61,750,39,480
#3216,"Medical Sonographers",1.0999999999999999,1.7999999999999998,10,40,40,360,55.6,200,44.4,160
#3217,"Cardiology Technologists And Electrophysiological Diagnostic Technologists, N.e.c.",1,1.6,-0,20,20,190,52.6,100,47.4,90
#3219,"Other Medical Technologists And Technicians (Except Dental Health)",0.8,1.4000000000000001,-130,180,210,1750,56.5,1000,43.5,770
#3221,Denturists,1,1.9,0,10,10,80,0,0,0,0
#3222,"Dental Hygienists And Dental Therapists",0.8999999999999999,2.1,90,140,170,1290,55.9,710,44.1,560
#3223,"Dental Technologists, Technicians And Laboratory Assistants",0.8999999999999999,1.7999999999999998,50,40,50,450,66.69999999999999,300,33.300000000000004,150
#3231,Opticians,0.8,1.5,-0,50,60,530,70.6,360,29.4,150
#3232,"Practitioners Of Natural Healing",1.2,2.1,130,120,130,1170,60.3,700,39.7,460
#3233,"Licensed Practical Nurses",1.9,1.6,440,500,480,4760,52.6,2500,47.4,2250
#3234,"Paramedical Occupations",0.8999999999999999,1.7000000000000002,100,140,150,1270,60.9,780,39.1,500
#3236,"Massage Therapists",1.0999999999999999,2.1,280,250,290,2380,58.5,1380,41.5,980
#3237,"Other Technical Occupations In Therapy And Assessment",1.3,1.9,20,40,50,380,54.1,200,45.9,170
#3411,"Dental Assistants",0.8999999999999999,2.1,140,210,260,2000,51.5,1020,48.5,960
#3413,"Nurse Aides, Orderlies And Patient Service Associates",2.3,1.7000000000000002,2840,1920,1720,18330,53.3,9780,46.7,8560
#3414,"Other Assisting Occupations In Support Of Health Services",1.3,1.6,130,230,240,2220,55.3,1210,44.7,980
#4011,"University Professors And Lecturers",1.0999999999999999,0.6,-150,400,230,3410,71,2420,28.999999999999996,990
#4012,"Post-Secondary Teaching And Research Assistants",1.0999999999999999,0.3,-250,180,70,1460,53.1,780,46.9,690
#4021,"College And Other Vocational Instructors",1.4000000000000001,1.2,800,410,570,5320,64.5,3420,35.5,1880
#4031,"Secondary School Teachers",1.0999999999999999,0.6,740,860,740,7990,76.3,6080,23.7,1890
#4032,"Elementary School And Kindergarten Teachers",1,0.6,1070,1320,1150,12260,75.3,9230,24.7,3030
#4033,"Educational Counsellors",1.2,0.8999999999999999,100,120,120,1210,69.2,830,30.8,370
#4111,Judges,0.5,1,30,20,10,190,100,100,0,0
#4112,"Lawyers And Quebec Notaries",1.7000000000000002,1,580,550,310,5180,62.5,3250,37.5,1950
#4151,Psychologists,1.2,1.5,60,100,110,1010,57.7,600,42.3,440
#4152,"Social Workers",1.0999999999999999,1,160,300,300,3050,68.4,2100,31.6,970
#4153,"Family, Marriage And Other Related Counsellors",1.2,1.0999999999999999,100,250,240,2510,68.4,1710,31.6,790
#4154,"Professional Occupations In Religion",1.4000000000000001,1.7999999999999998,760,190,220,1870,49.2,930,50.8,960
#4155,"Probation And Parole Officers And Related Occupations",0.8,0.8999999999999999,40,40,40,430,75,300,25,100
#4156,"Employment Counsellors",1.0999999999999999,1.0999999999999999,150,90,100,940,64.5,600,35.5,330
#4161,"Natural And Applied Science Policy Researchers, Consultants And Program Officers",1.3,1.2,120,140,150,1460,62.1,900,37.9,550
#4162,"Economists And Economic Policy Researchers And Analysts",0.8999999999999999,1.3,70,60,70,590,67.8,400,32.2,190
#4163,"Business Development Officers And Marketing Researchers And Consultants",1.7999999999999998,1.7999999999999998,430,430,480,4340,47.4,2060,52.6,2290
#4164,"Social Policy Researchers, Consultants And Program Officers",1.3,1.0999999999999999,70,180,170,1830,65.9,1200,34.1,620
#4165,"Health Policy Researchers, Consultants And Program Officers",1.3,1.4000000000000001,130,190,180,1800,62,1110,38,680
#4166,"Education Policy Researchers, Consultants And Program Officers",1.2,1.2,160,120,130,1230,60.699999999999996,740,39.300000000000004,480
#4167,"Recreation, Sports And Fitness Policy Researchers, Consultants And Program Officers",2,1.5,70,70,70,670,46.199999999999996,300,53.800000000000004,350
#4168,"Program Officers Unique To Government",0.8,1,20,50,40,480,68.8,330,31.2,150
#4169,"Other Professional Occupations In Social Science, N.e.c.",1.3,1.2,30,40,40,380,60.6,200,39.4,130
#4211,"Paralegal And Related Occupations",1.7999999999999998,1,120,150,80,1390,57.7,790,42.3,580
#4212,"Social And Community Service Workers",1.6,1.2,1040,1150,1110,11460,61.7,7060,38.3,4390
#4214,"Early Childhood Educators And Assistants",2.8000000000000003,2.5,460,1230,1290,12410,41.400000000000006,5140,58.599999999999994,7270
#4215,"Instructors Of Persons With Disabilities",1.2,1.0999999999999999,30,50,50,510,60,300,40,200
#4216,"Other Instructors",1.2,1.4000000000000001,490,180,270,2230,55.9,1240,44.1,980
#4217,"Other Religious Occupations",1.3,1.9,160,50,50,440,47.599999999999994,200,52.400000000000006,220
#4311,"Police Officers (Except Commissioned)",0.7000000000000001,0.8,-700,400,440,4110,79.1,3260,20.9,860
#4312,Firefighters,1.3,1.4000000000000001,-250,190,210,1960,65.30000000000001,1280,34.699999999999996,680
#4313,"Non-Commissioned Ranks Of The Canadian Forces",0.6,0.8,-200,140,150,1430,76.9,1100,23.1,330
#4411,"Home Child Care Providers",1.3,1.2,440,240,260,2420,54.1,1310,45.9,1110
#4412,"Home Support Workers, Housekeepers And Related Occupations",1.5,1.5,1110,700,690,6880,61.7,4230,38.3,2630
#4413,"Elementary And Secondary School Teacher Assistants",0.5,0.5,1450,550,530,5510,82.7,4550,17.299999999999997,950
#4421,"Sheriffs And Bailiffs",1.3,0.8999999999999999,30,20,20,200,66.69999999999999,200,33.300000000000004,100
#4422,"Correctional Service Officers",1,1,50,140,150,1430,72.1,1010,27.900000000000002,390
#4423,"By-Law Enforcement And Other Regulatory Officers, N.e.c.",1.0999999999999999,1.3,20,60,60,590,69,400,31,180
#5111,Librarians,-0.2,1.2,-120,30,40,330,81.1,300,18.9,70
#5112,"Conservators And Curators",1.4000000000000001,1.3,10,10,10,100,100,100,0,0
#5113,Archivists,0,1.5,-0,10,10,80,0,0,0,0
#5121,"Authors And Writers",2.1,1.7000000000000002,490,190,210,2190,48.8,1060,51.2,1110
#5122,Editors,1.7999999999999998,1.5,90,100,130,1140,62.6,720,37.4,430
#5123,Journalists,0.8999999999999999,0.8999999999999999,30,40,40,440,70.2,330,29.799999999999997,140
#5125,"Translators, Terminologists And Interpreters",1.7999999999999998,1.0999999999999999,60,70,40,670,58,400,42,290
#5131,"Producers, Directors, Choreographers And Related Occupations",3.3000000000000003,1.5,50,190,230,2630,49.2,1310,50.8,1350
#5132,"Conductors, Composers And Arrangers",2.4,1.4000000000000001,90,20,30,290,48.1,130,51.9,140
#5133,"Musicians And Singers",1.5,1.5,790,200,290,2590,53.5,1390,46.5,1210
#5134,Dancers,1.3,1.6,180,40,70,550,36.4,200,63.6,350
#5135,"Actors And Comedians",3.2,1.5,320,80,110,1250,33.89999999999999,410,66.10000000000001,800
#5136,"Painters, Sculptors And Other Visual Artists",2,1.5,440,170,200,2050,49,1010,51,1050
#5211,"Library And Public Archive Technicians",0.7000000000000001,1.0999999999999999,-30,30,40,360,74.3,260,25.7,90
#5212,"Technical Occupations Related To Museums And Art Galleries",1.5,1.4000000000000001,70,30,30,300,64.5,200,35.5,110
#5221,Photographers,1.7000000000000002,1,160,120,80,1200,60.9,700,39.1,450
#5222,"Film And Video Camera Operators",3.1,1.6,-0,40,40,490,41.7,200,58.3,280
#5223,"Graphic Arts Technicians",2.1999999999999997,2.1999999999999997,10,40,60,500,32,160,68,340
#5224,"Broadcast Technicians",1.4000000000000001,1.3,-10,0,10,40,0,0,0,0
#5225,"Audio And Video Recording Technicians",3.5999999999999996,1.6,-40,100,120,1490,36.7,540,63.3,930
#5226,"Other Technical And Co-Ordinating Occupations In Motion Pictures, Broadcasting And The Performing Arts",3.6999999999999997,1.6,20,140,190,2140,41.300000000000004,880,58.699999999999996,1250
#5227,"Support Occupations In Motion Pictures, Broadcasting, Photography And The Performing Arts",3.9,1.6,-50,110,150,1800,38,680,62,1110
#5231,"Announcers And Other Broadcasters",0.8999999999999999,1.4000000000000001,-20,20,30,230,55.6,100,44.4,80
#5232,"Other Performers, N.e.c.",2.1999999999999997,1.6,140,40,60,510,47.099999999999994,240,52.900000000000006,270
#5241,"Graphic Designers And Illustrators",2.4,1.7999999999999998,530,560,590,6100,50.6,3080,49.4,3010
#5242,"Interior Designers And Interior Decorators",1.6,1.2,210,170,130,1700,59.2,1000,40.8,690
#5243,"Theatre, Fashion, Exhibit And Other Creative Designers",1.9,1.4000000000000001,110,80,80,900,40.7,370,59.3,540
#5244,"Artisans And Craftspersons",1.0999999999999999,1.2,260,140,140,1460,70.5,1030,29.5,430
#5245,"Patternmakers - Textile, Leather And Fur Products",1.3,1.2,10,0,10,80,0,0,0,0
#5251,Athletes,2.3,1.6,80,20,20,210,42.900000000000006,90,57.099999999999994,120
#5252,Coaches,1.7000000000000002,1.6,280,90,110,970,52.1,500,47.9,460
#5253,"Sports Officials And Referees",2.1999999999999997,1.7999999999999998,120,30,30,280,31.200000000000003,100,68.8,220
#5254,"Program Leaders And Instructors In Recreation, Sport And Fitness",2.1999999999999997,1.7000000000000002,2090,660,710,6820,33.5,2280,66.5,4530
#6211,"Retail Sales Supervisors",1.0999999999999999,1.3,1450,1450,1750,14690,69,10160,31,4560
#6221,"Technical Sales Specialists - Wholesale Trade",1.6,2,520,610,720,5980,61.4,3670,38.6,2310
#6222,"Retail And Wholesale Buyers",1,1.3,250,220,250,2220,70.7,1570,29.299999999999997,650
#6231,"Insurance Agents And Brokers",1.0999999999999999,0.6,-2580,280,-80,3540,69.7,2460,30.3,1070
#6232,"Real Estate Agents And Salespersons",0.5,0.7000000000000001,570,450,510,4890,78.9,3850,21.099999999999998,1030
#6235,"Financial Sales Representatives",0,1.2,850,250,520,2450,74.6,1820,25.4,620
#6311,"Food Service Supervisors",1.3,1.0999999999999999,580,160,230,1900,57,1100,43,830
#6312,"Executive Housekeepers",2.1,1.7000000000000002,90,40,50,420,65.9,290,34.1,150
#6313,"Accommodation, Travel, Tourism And Related Services Supervisors",2.9000000000000004,1.7000000000000002,220,60,70,620,50,320,50,320
#6314,"Customer And Information Services Supervisors",0.8999999999999999,1.5,40,50,70,530,70.4,380,29.599999999999998,160
#6315,"Cleaning Supervisors",0.8,1.6,70,70,90,710,73.9,510,26.1,180
#6316,"Other Services Supervisors",1.4000000000000001,1.6,190,100,120,1040,64.4,670,35.6,370
#6321,Chefs,1.6,1.2,1040,280,330,3160,52.1,1650,47.9,1520
#6322,Cooks,1.7999999999999998,1.3,3700,1140,1190,12490,51.2,6400,48.8,6090
#6331,"Butchers, Meat Cutters And Fishmongers - Retail And Wholesale",1,1.3,120,90,90,880,64,550,36,310
#6332,Bakers,1.4000000000000001,1.2,460,270,260,2850,59.2,1700,40.8,1170
#6341,"Hairstylists And Barbers",1.7000000000000002,2,2280,590,700,5850,41.6,2440,58.4,3420
#6342,"Tailors, Dressmakers, Furriers And Milliners",1.0999999999999999,1.2,220,100,100,990,67.69999999999999,670,32.300000000000004,320
#6343,"Shoe Repairers And Shoemakers",0.8,1.6,30,10,10,100,90.9,100,9.1,10
#6344,"Jewellers, Jewellery And Watch Repairers And Related Occupations",1.0999999999999999,1.4000000000000001,50,30,30,300,66.69999999999999,200,33.300000000000004,100
#6345,Upholsterers,1.4000000000000001,1.3,90,30,30,310,64.5,200,35.5,110
#6346,"Funeral Directors And Embalmers",1.3,1.9,90,20,30,220,47.599999999999994,100,52.400000000000006,110
#6411,"Sales And Account Representatives - Wholesale Trade (Non-Technical)",0.8999999999999999,1.2,2090,1300,1340,12600,67.3,8490,32.7,4120
#6421,"Retail Salespersons",1.2,1.3,3700,2540,2810,25860,53.8,13920,46.2,11960
#6511,"Maîtres D'hôtel And Hosts/Hostesses",1.4000000000000001,1.0999999999999999,490,60,100,880,25,220,75,660
#6512,Bartenders,1.5,1.2,560,120,160,1380,42.800000000000004,590,57.199999999999996,790
#6513,"Food And Beverage Servers",1.4000000000000001,1.2,3680,740,1000,8900,44.3,3950,55.7,4960
#6521,"Travel Counsellors",1.6,1.4000000000000001,860,250,310,2480,55.1,1360,44.9,1110
#6522,"Pursers And Flight Attendants",2.3,0.7000000000000001,760,100,120,1300,62.5,800,37.5,480
#6523,"Airline Ticket And Service Agents",1.7999999999999998,0.8,540,90,110,1100,65.2,730,34.8,390
#6524,"Ground And Water Transport Ticket Agents, Cargo Service Representatives And Related Clerks",1.4000000000000001,1.0999999999999999,110,20,20,230,47.599999999999994,100,52.400000000000006,110
#6525,"Hotel Front Desk Clerks",2,1.6,410,110,140,1280,43.00000000000001,550,56.99999999999999,730
#6531,"Tour And Travel Guides",1.7000000000000002,1.4000000000000001,130,40,40,440,58.1,250,41.9,180
#6532,"Outdoor Sport And Recreational Guides",2.3,1.7000000000000002,160,60,50,540,55.6,300,44.4,240
#6533,"Casino Occupations",3.5999999999999996,2.1,720,180,140,1680,38.1,640,61.9,1040
#6541,"Security Guards And Related Security Service Occupations",0.8,1.6,940,540,660,5170,62.5,3230,37.5,1940
#6551,"Customer Services Representatives - Financial Institutions",0,1.2,850,240,510,2280,72.1,1650,27.900000000000002,640
#6552,"Other Customer And Information Services Representatives",1,1.4000000000000001,310,730,840,7290,55.6,4060,44.4,3240
#6561,"Image, Social And Other Personal Consultants",1.5,1.7000000000000002,50,20,20,200,52.6,100,47.4,90
#6562,"Estheticians, Electrologists And Related Occupations",1.3,1.7999999999999998,1170,300,410,3000,41.800000000000004,1250,58.199999999999996,1740
#6563,"Pet Groomers And Animal Care Workers",1.4000000000000001,1.7000000000000002,530,130,170,1360,43.8,600,56.2,770
#6564,"Other Personal Service Occupations",1,2.1999999999999997,70,30,30,260,56.5,130,43.5,100
#6611,Cashiers,1.2,1.3,2100,1120,1300,11660,48.9,5700,51.1,5960
#6621,"Service Station Attendants",1,1.3,60,50,60,540,53.599999999999994,300,46.400000000000006,260
#6622,"Store Shelf Stockers, Clerks And Order Fillers",1.0999999999999999,1.3,850,680,770,6850,53.9,3690,46.1,3160
#6623,"Other Sales Related Occupations",1.4000000000000001,1.7000000000000002,160,150,150,1430,47.599999999999994,700,52.400000000000006,770
#6711,"Food Counter Attendants, Kitchen Helpers And Related Support Occupations",1.5,1.2,5090,1100,1320,12980,38,4930,62,8050
#6721,"Support Occupations In Accommodation, Travel And Facilities Set-Up Services",1.4000000000000001,1.3,110,30,40,340,55.6,200,44.4,160
#6722,"Operators And Attendants In Amusement, Recreation And Sport",2.7,1.7999999999999998,610,160,140,1560,29.900000000000006,470,70.1,1100
#6731,"Light Duty Cleaners",1.2,1.6,2280,1160,1320,11570,58,6710,42,4850
#6732,"Specialized Cleaners",1.2,1.3,430,190,240,2050,56.9,1190,43.1,900
#6733,"Janitors, Caretakers And Building Superintendents",1,1.3,2130,1280,1300,12590,68.4,8600,31.6,3980
#6741,"Dry Cleaning, Laundry And Related Occupations",1.5,1.7000000000000002,450,140,150,1360,55.9,760,44.1,600
#6742,"Other Service Support Occupations, N.e.c.",2.1,1.4000000000000001,370,100,90,1080,33,360,67,730
#7201,"Contractors And Supervisors, Machining, Metal Forming, Shaping And Erecting Trades And Related Occupations",1.0999999999999999,0.4,150,90,90,940,85.1,800,14.899999999999999,140
#7202,"Contractors And Supervisors, Electrical Trades And Telecommunications Occupations",1.3,-0.1,140,120,110,1270,83.1,1080,16.900000000000002,220
#7203,"Contractors And Supervisors, Pipefitting Trades",1.5,-0.2,80,40,30,390,80,320,20,80
#7204,"Contractors And Supervisors, Carpentry Trades",0.4,1.4000000000000001,260,110,180,1340,70.5,930,29.5,390
#7205,"Contractors And Supervisors, Other Construction Trades, Installers, Repairers And Servicers",1.3,-0.1,570,300,260,3180,84.3,2680,15.7,500
#7231,"Machinists And Machining And Tooling Inspectors",0.8,0.7000000000000001,100,110,100,1070,76.4,840,23.599999999999998,260
#7232,"Tool And Die Makers",0.5,0.5,30,20,10,120,100,110,0,0
#7233,"Sheet Metal Workers",1.3,-0.1,170,80,60,820,76.9,600,23.1,180
#7234,Boilermakers,1.3,0.2,70,30,30,330,84.4,270,15.6,50
#7235,"Structural Metal And Platework Fabricators And Fitters",0.5,0.6,90,50,50,500,80,400,20,100
#7236,Ironworkers,0.8999999999999999,-0.1,120,40,30,420,82.9,340,17.1,70
#7237,"Welders And Related Machine Operators",0.8999999999999999,0.8,550,270,300,2800,68.4,1930,31.6,890
#7241,"Electricians (Except Industrial And Power System)",1.5,-0.4,840,310,150,3420,72.8,2490,27.200000000000003,930
#7242,"Industrial Electricians",1,0.2,110,120,120,1350,79.7,1100,20.3,280
#7243,"Power System Electricians",1.0999999999999999,0.2,-30,30,30,320,80.6,250,19.400000000000002,60
#7244,"Electrical Power Line And Cable Workers",0.6,0.5,-20,50,60,460,78.7,370,21.3,100
#7245,"Telecommunications Line And Cable Workers",-0.1,1,-60,50,50,410,87.5,350,12.5,50
#7246,"Telecommunications Installation And Repair Workers",0.1,1,-80,130,130,1150,86,980,14.000000000000002,160
#7247,"Cable Television Service And Maintenance Technicians",-1.7000000000000002,1.7999999999999998,-20,0,10,50,0,0,100,0
#7251,Plumbers,1.5,-0.5,620,240,120,2490,80.8,2020,19.2,480
#7252,"Steamfitters, Pipefitters And Sprinkler System Installers",1.0999999999999999,0.1,110,80,70,820,76.8,630,23.200000000000003,190
#7253,"Gas Fitters",1.2,-0.1,70,40,30,420,81.4,350,18.6,80
#7271,Carpenters,0.7000000000000001,0.8,1410,450,640,5760,72.4,4180,27.6,1590
#7272,Cabinetmakers,0.8,0.3,120,40,50,520,75.5,400,24.5,130
#7281,Bricklayers,1.3,-0.3,140,50,30,540,82.8,480,17.2,100
#7282,"Concrete Finishers",1.3,0,130,60,50,620,78.1,500,21.9,140
#7283,Tilesetters,1.4000000000000001,-0.2,150,60,40,610,78.1,500,21.9,140
#7284,"Plasterers, Drywall Installers And Finishers And Lathers",1.3,-0.3,310,110,70,1240,78.7,1000,21.3,270
#7291,"Roofers And Shinglers",1.0999999999999999,0.6,210,100,100,1060,67.9,720,32.1,340
#7292,Glaziers,1.0999999999999999,0.1,150,70,60,750,78.9,600,21.099999999999998,160
#7293,Insulators,1.3,-0.3,70,30,20,340,81.1,300,18.9,70
#7294,"Painters And Decorators (Except Interior Decorators)",1.5,-0.3,740,310,180,3260,82.6,2700,17.4,570
#7295,"Floor Covering Installers",1.3,-0.2,220,90,50,920,80,720,20,180
#7301,"Contractors And Supervisors, Mechanic Trades",1.3,0.6,220,120,120,1230,76,920,24,290
#7302,"Contractors And Supervisors, Heavy Equipment Operator Crews",1.0999999999999999,0.8999999999999999,380,290,320,2980,78.5,2330,21.5,640
#7303,"Supervisors, Printing And Related Occupations",0.7000000000000001,0.6,0,10,10,100,100,100,0,0
#7304,"Supervisors, Railway Transport Operations",0.6,1.2,30,20,20,210,95.2,200,4.8,10
#7305,"Supervisors, Motor Transport And Other Ground Transit Operators",0.8,0.7000000000000001,110,50,70,580,84.7,500,15.299999999999999,90
#7311,"Construction Millwrights And Industrial Mechanics",0.5,0.5,360,280,280,2900,84.1,2430,15.9,460
#7312,"Heavy-Duty Equipment Mechanics",1,0.8,300,180,200,1890,68.8,1300,31.2,590
#7313,"Refrigeration And Air Conditioning Mechanics",1.4000000000000001,0,180,80,60,830,74.1,600,25.900000000000002,210
#7314,"Railway Carmen/Women",0.5,0.8999999999999999,20,20,20,190,85.7,120,14.299999999999999,20
#7315,"Aircraft Mechanics And Aircraft Inspectors",1.7000000000000002,0.8,430,110,130,1310,66.69999999999999,900,33.300000000000004,450
#7316,"Machine Fitters",0,1.2,0,10,10,90,0,0,0,0
#7318,"Elevator Constructors And Mechanics",1.7000000000000002,-0.7000000000000001,80,30,20,320,85.7,300,14.299999999999999,50
#7321,"Automotive Service Technicians, Truck And Bus Mechanics And Mechanical Repairers",1.2,1.0999999999999999,1280,560,710,6670,63.800000000000004,4250,36.199999999999996,2410
#7322,"Motor Vehicle Body Repairers",0.8999999999999999,1.2,290,110,150,1430,64.30000000000001,900,35.699999999999996,500
#7331,"Oil And Solid Fuel Heating Mechanics",1.9,0,10,0,0,20,0,0,0,0
#7332,"Appliance Servicers And Repairers",1.3,1.4000000000000001,130,40,40,410,57.1,240,42.9,180
#7333,"Electrical Mechanics",0.8,0.7000000000000001,0,20,20,200,92.9,130,7.1,10
#7334,"Motorcycle, All-Terrain Vehicle And Other Related Mechanics",1.7000000000000002,1.4000000000000001,100,40,40,410,52.6,200,47.4,180
#7335,"Other Small Engine And Small Equipment Repairers",1.7999999999999998,1.2,40,20,20,170,55.6,100,44.4,80
#7361,"Railway And Yard Locomotive Engineers",1.2,1.3,30,40,40,390,68.2,300,31.8,140
#7362,"Railway Conductors And Brakemen/Women",1.4000000000000001,1.0999999999999999,40,40,40,380,57.9,220,42.1,160
#7371,"Crane Operators",1.3,0.5,150,80,70,890,75,660,25,220
#7372,"Drillers And Blasters - Surface Mining, Quarrying And Construction",1.0999999999999999,0.5,40,20,20,210,75,180,25,60
#7373,"Water Well Drillers",0,3.6999999999999997,0,0,0,10,0,0,0,0
#7381,"Printing Press Operators",0.5,0.5,80,40,50,490,83.7,410,16.3,80
#7384,"Other Trades And Related Occupations, N.e.c.",0.5,1.0999999999999999,120,80,100,840,74.1,630,25.900000000000002,220
#7441,"Residential And Commercial Installers And Servicers",1.0999999999999999,0.3,480,190,170,2090,69.5,1460,30.5,640
#7442,"Waterworks And Gas Maintenance Workers",1.3,0.7000000000000001,0,20,30,250,66.69999999999999,200,33.300000000000004,100
#7444,"Pest Controllers And Fumigators",0.6,1.7999999999999998,30,20,30,220,58.800000000000004,100,41.199999999999996,70
#7445,"Other Repairers And Servicers",1.2,1.3,160,80,100,850,57.5,500,42.5,370
#7451,"Longshore Workers",2.5,2.1,110,240,180,2110,49.3,1050,50.7,1080
#7452,"Material Handlers",0.8,1.0999999999999999,1090,780,880,7730,64.9,5010,35.099999999999994,2710
#7511,"Transport Truck Drivers",0.5,0.8,2610,1180,1350,12330,78.5,9690,21.5,2650
#7512,"Bus Drivers, Subway Operators And Other Transit Operators",1,0.5,910,290,360,3980,79.1,3150,20.9,830
#7513,"Taxi And Limousine Drivers And Chauffeurs",1.2,0.6,630,150,240,2470,68.3,1700,31.7,790
#7514,"Delivery And Courier Service Drivers",0.8999999999999999,1.4000000000000001,440,440,470,4370,63.1,2750,36.9,1610
#7521,"Heavy Equipment Operators (Except Crane)",1,0.4,670,390,370,4010,74.6,3000,25.4,1020
#7522,"Public Works Maintenance Equipment Operators And Related Workers",0.8,1.4000000000000001,80,90,110,940,65.2,600,34.8,320
#7531,"Railway Yard And Track Maintenance Workers",1,1.2,10,50,50,470,66.69999999999999,300,33.300000000000004,150
#7532,"Water Transport Deck And Engine Room Crew",1.7999999999999998,1.3,210,50,50,530,56.6,300,43.4,230
#7533,"Boat And Cable Ferry Operators And Related Occupations",2.1,1.3,180,40,40,480,57.7,300,42.3,220
#7534,"Air Transport Ramp Attendants",1.9,0.8999999999999999,420,60,80,780,55.4,410,44.6,330
#7535,"Other Automotive Mechanical Installers And Servicers",1.3,1,130,60,70,670,51.6,330,48.4,310
#7611,"Construction Trades Helpers And Labourers",0.8,0.8,1630,580,730,6460,66.6,4300,33.4,2160
#7612,"Other Trades Helpers And Labourers",1.0999999999999999,0.8999999999999999,50,30,30,290,60.6,200,39.4,130
#7621,"Public Works And Maintenance Labourers",1.2,1.4000000000000001,-60,100,120,1000,56.2,540,43.8,420
#7622,"Railway And Motor Transport Labourers",0.4,1.0999999999999999,30,20,20,170,76.9,100,23.1,30
#8211,"Supervisors, Logging And Forestry",-1.3,-0.4,60,50,80,680,121.2,660,0,0
#8221,"Supervisors, Mining And Quarrying",1.2,0.3,50,70,60,630,87.1,540,12.9,80
#8222,"Contractors And Supervisors, Oil And Gas Drilling And Services",2.9000000000000004,0.5,140,50,50,550,65.5,360,34.5,190
#8231,"Underground Production And Development Miners",1.9,0.3,80,60,40,550,72.7,400,27.3,150
#8232,"Oil And Gas Well Drillers, Servicers, Testers And Related Workers",1.7999999999999998,0.6,100,30,30,320,60.6,200,39.4,130
#8241,"Logging Machinery Operators",-1.5,-0.6,0,0,60,360,173.7,380,0,0
#8252,"Agricultural Service Contractors, Farm Supervisors And Specialized Livestock Workers",0.8999999999999999,1,150,40,50,460,78.3,360,21.7,100
#8255,"Contractors And Supervisors, Landscaping, Grounds Maintenance And Horticulture Services",0.8,1.7000000000000002,290,210,270,2080,75.2,1580,24.8,520
#8261,"Fishing Masters And Officers",1.3,0,20,10,10,70,100,100,0,0
#8262,Fishermen/Women,1.2,-0.8999999999999999,190,30,10,230,87,200,13,30
#8411,"Underground Mine Service And Support Workers",2.3,0,20,10,10,100,75,90,25,30
#8412,"Oil And Gas Well Drilling And Related Workers And Services Operators",1.9,0.6,70,20,20,220,62.5,150,37.5,90
#8421,"Chain Saw And Skidder Operators",-1.5,-0.5,50,20,60,480,152.1,480,0,0
#8422,"Silviculture And Forestry Workers",-0.8999999999999999,-0.3,-10,-0,30,120,200,100,0,0
#8431,"General Farm Workers",0.5,0.6,1000,130,150,1450,73.1,1060,26.900000000000002,390
#8432,"Nursery And Greenhouse Workers",0.3,0.5,310,60,70,630,82.8,530,17.2,110
#8441,"Fishing Vessel Deckhands",2.4,-1.5,40,10,0,20,0,0,100,10
#8442,"Trappers And Hunters",,,,,,,,,,
#8611,"Harvesting Labourers",0.3,0.3,170,30,30,310,87.1,270,12.9,40
#8612,"Landscaping And Grounds Maintenance Labourers",1.2,1.7999999999999998,1140,620,820,6200,47,2910,53,3280
#8613,"Aquaculture And Marine Harvest Labourers",0.8999999999999999,0.8999999999999999,60,20,10,130,76.9,100,23.1,30
#8614,"Mine Labourers",0.3,0,30,10,10,80,100,100,0,0
#8615,"Oil And Gas Drilling, Servicing And Related Labourers",2.1999999999999997,0.8,40,10,10,130,66.69999999999999,100,33.300000000000004,50
#8616,"Logging And Forestry Labourers",-1.6,-0.8,0,-20,50,200,312.5,160,0,0
#9211,"Supervisors, Mineral And Metal Processing",1.0999999999999999,0.5,40,30,30,320,80,280,20,70
#9212,"Supervisors, Petroleum, Gas And Chemical Processing And Utilities",0.8999999999999999,0.7000000000000001,30,60,60,590,81.7,490,18.3,110
#9213,"Supervisors, Food, Beverage And Associated Products Processing",0.8999999999999999,0.7000000000000001,120,90,90,890,80,720,20,180
#9214,"Supervisors, Plastic And Rubber Products Manufacturing",0.8,0.8,20,10,10,110,90.9,100,9.1,10
#9215,"Supervisors, Forest Products Processing",-1.3,-0.1,60,90,100,880,114.6,890,0,0
#9217,"Supervisors, Textile, Fabric, Fur And Leather Products Processing And Manufacturing",0,1.6,10,0,0,40,0,0,0,0
#9221,"Supervisors, Motor Vehicle Assembling",1.9,0,-10,10,10,90,0,0,0,0
#9222,"Supervisors, Electronics Manufacturing",0.8999999999999999,0.8999999999999999,10,10,10,100,100,100,0,0
#9223,"Supervisors, Electrical Products Manufacturing",0,2.1,10,0,10,50,0,0,0,0
#9224,"Supervisors, Furniture And Fixtures Manufacturing",0,1,10,10,10,100,100,100,0,0
#9226,"Supervisors, Other Mechanical And Metal Products Manufacturing",1,0,0,10,10,100,100,100,0,0
#9227,"Supervisors, Other Products Manufacturing And Assembly",0,0,20,20,20,200,95.2,200,4.8,10
#9231,"Central Control And Process Operators, Mineral And Metal Processing",1.6,0.4,20,10,10,170,66.69999999999999,100,33.300000000000004,50
#9232,"Petroleum, Gas And Chemical Process Operators",2.7,-0.1,240,40,50,600,64.5,400,35.5,220
#9235,"Pulping, Papermaking And Coating Control Operators",-2.3,0,-30,10,20,130,153.8,130,0,0
#9241,"Power Engineers And Power Systems Operators",0.8,0.4,50,130,140,1430,81.4,1180,18.6,270
#9243,"Water And Waste Treatment Plant Operators",0.8,1,-30,50,60,550,71.4,400,28.599999999999998,160
#9411,"Machine Operators, Mineral And Metal Processing",1.2,0.4,30,20,20,300,69,200,31,90
#9412,"Foundry Workers",0,0.7000000000000001,10,10,10,80,100,70,0,0
#9413,"Glass Forming And Finishing Machine Operators And Glass Cutters",0.8,0.4,20,10,10,120,90.9,100,9.1,10
#9414,"Concrete, Clay And Stone Forming Operators",0.8999999999999999,0.2,30,20,20,200,78.9,150,21.099999999999998,40
#9415,"Inspectors And Testers, Mineral And Metal Processing",1.4000000000000001,0,10,0,10,30,0,0,0,0
#9416,"Metalworking And Forging Machine Operators",0.6,0.6,70,40,40,360,78.9,300,21.099999999999998,80
#9417,"Machining Tool Operators",1.2,1.0999999999999999,10,10,10,100,100,100,0,0
#9418,"Other Metal Products Machine Operators",0,0.8,40,10,10,110,90.9,100,9.1,10
#9421,"Chemical Plant Machine Operators",0.5,0.8,20,20,20,250,74.1,200,25.900000000000002,70
#9422,"Plastics Processing Machine Operators",0.4,0.6,60,40,40,400,85,340,15,60
#9423,"Rubber Processing Machine Operators And Related Workers",0.4,0.4,20,10,10,110,90.9,100,9.1,10
#9431,"Sawmill Machine Operators",-1.2,-0.2,110,70,90,710,124.7,730,0,0
#9432,"Pulp Mill Machine Operators",-2.1999999999999997,0,-60,20,30,210,145.5,220,0,0
#9433,"Papermaking And Finishing Machine Operators",-1.6,0,10,20,20,170,122.2,180,0,0
#9434,"Other Wood Processing Machine Operators",-1.6,-0.4,30,30,50,350,144.4,360,0,0
#9435,"Paper Converting Machine Operators",-1.7000000000000002,0.6,20,10,10,90,142.9,70,0,0
#9436,"Lumber Graders And Other Wood Processing Inspectors And Graders",-1.2,-0.2,40,20,30,210,133.3,240,0,0
#9437,"Woodworking Machine Operators",-0.5,0,40,20,30,230,118.2,220,0,0
#9441,"Textile Fibre And Yarn, Hide And Pelt Processing Machine Operators And Workers",0,1.0999999999999999,0,0,0,20,0,0,0,0
#9442,"Weavers, Knitters And Other Fabric Making Occupations",1.7999999999999998,1.3,30,20,20,200,58.800000000000004,100,41.199999999999996,70
#9445,"Fabric, Fur And Leather Cutters",1.0999999999999999,1.0999999999999999,10,10,10,100,100,90,0,0
#9446,"Industrial Sewing Machine Operators",0.6,0.5,90,60,60,660,84.8,560,15.2,100
#9447,"Inspectors And Graders, Textile, Fabric, Fur And Leather Products Manufacturing",0.8999999999999999,0.8999999999999999,10,10,10,100,100,100,0,0
#9461,"Process Control And Machine Operators, Food, Beverage And Associated Products Processing",0.8999999999999999,0.7000000000000001,280,130,140,1460,69.9,1000,30.099999999999998,430
#9462,"Industrial Butchers And Meat Cutters, Poultry Preparers And Related Workers",0.8,0.6,90,60,60,640,78.1,500,21.9,140
#9463,"Fish And Seafood Plant Workers",1.5,0.8,120,60,50,610,69.4,430,30.599999999999998,190
#9465,"Testers And Graders, Food, Beverage And Associated Products Processing",1.2,0.8999999999999999,40,20,20,220,61.9,130,38.1,80
#9471,"Plateless Printing Equipment Operators",0.5,0.8,30,20,20,240,80,200,20,50
#9472,"Camera, Platemaking And Other Prepress Occupations",1.0999999999999999,1,10,10,10,120,83.3,100,16.7,20
#9473,"Binding And Finishing Machine Operators",0.4,0.4,20,10,10,130,90.9,100,9.1,10
#9474,"Photographic And Film Processors",1.5,1.7999999999999998,10,10,10,130,52.6,100,47.4,90
#9521,"Aircraft Assemblers And Aircraft Assembly Inspectors",1.7999999999999998,0.8999999999999999,-20,10,10,100,100,100,0,0
#9522,"Motor Vehicle Assemblers, Inspectors And Testers",1.3,0.7000000000000001,-10,30,30,310,69,200,31,90
#9523,"Electronics Assemblers, Fabricators, Inspectors And Testers",1.0999999999999999,1.0999999999999999,70,60,60,570,69,400,31,180
#9524,"Assemblers And Inspectors, Electrical Appliance, Apparatus And Equipment Manufacturing",0.8999999999999999,0.3,30,20,20,210,83.3,200,16.7,40
#9525,"Assemblers, Fabricators And Inspectors, Industrial Electrical Motors And Transformers",1.3,0,10,0,0,60,0,0,0,0
#9526,"Mechanical Assemblers And Inspectors",0.8,0.8,-10,30,30,270,71.4,200,28.599999999999998,80
#9527,"Machine Operators And Inspectors, Electrical Apparatus Manufacturing",0,0,0,0,0,0,0,0,0,0
#9531,"Boat Assemblers And Inspectors",2.1,0.6,40,10,20,220,50,100,50,100
#9532,"Furniture And Fixture Assemblers And Inspectors",0.4,0.5,40,20,30,260,76.9,200,23.1,60
#9533,"Other Wood Products Assemblers And Inspectors",-0.8999999999999999,-0.2,60,30,50,330,120,350,0,0
#9534,"Furniture Finishers And Refinishers",1.0999999999999999,0.4,60,30,30,300,71.4,200,28.599999999999998,80
#9535,"Plastic Products Assemblers, Finishers And Inspectors",0.5,0.5,30,20,20,210,87,200,13,30
#9536,"Industrial Painters, Coaters And Metal Finishing Process Operators",1.0999999999999999,0.5,70,50,50,500,74.1,400,25.900000000000002,140
#9537,"Other Products Assemblers, Finishers And Inspectors",0.7000000000000001,0.6,60,60,60,610,66.69999999999999,400,33.300000000000004,200
#9611,"Labourers In Mineral And Metal Processing",0.5,0.7000000000000001,40,20,20,230,80,200,20,50
#9612,"Labourers In Metal Fabrication",0.8,0.6,50,30,30,270,67.9,190,32.1,90
#9613,"Labourers In Chemical Products Processing And Utilities",0.8999999999999999,0.8999999999999999,30,20,30,250,69,200,31,90
#9614,"Labourers In Wood, Pulp And Paper Processing",-1.7000000000000002,-0.2,-0,80,150,830,169,840,0,0
#9615,"Labourers In Rubber And Plastic Products Manufacturing",0.8999999999999999,0.4,20,10,10,110,90.9,100,9.1,10
#9616,"Labourers In Textile Processing",0.8,0.7000000000000001,10,10,10,100,100,100,0,0
#9617,"Labourers In Food, Beverage And Associated Products Processing",0.8,0.8,450,320,300,3120,73.9,2290,26.1,810
#9618,"Labourers In Fish And Seafood Processing",1.7000000000000002,0.8,90,40,40,460,66.69999999999999,300,33.300000000000004,150
#9619,"Other Labourers In Processing, Manufacturing And Utilities",0.7000000000000001,0.8999999999999999,260,170,190,1790,67.4,1200,32.6,580
