#00010,Legislators,60,0.3,20,,70,0.7000000000000001,30,,530,0.1,180,,60,0.5,20,,30,0.6,10,,200,0.8999999999999999,110,,430,1.7999999999999998,250
#00018,"Senior managers - public and private sector",540,0.5,250,,540,0.7000000000000001,300,,27610,1.2,13570,,210,0.4,100,,210,0.6,100,,3300,1.3,2060,,5610,1,2990
#10010,"Financial managers",150,0.1,60,,200,0.7000000000000001,70,,7430,1,2690,,70,-0.1,30,,50,-0.3,20,,780,1,320,,1430,0.8,580
#10011,"Human resources managers",170,0.2,70,,120,0.2,60,,5200,1,2220,,90,1.0999999999999999,50,,70,1.5,40,,650,1.0999999999999999,390,,1090,0.8,530
#10012,"Purchasing managers",50,0,30,,60,0.8999999999999999,40,,2730,1,1270,,N/A,N/A,N/A,,60,-3.2,10,,250,1,180,,480,0.7000000000000001,250
#10019,"Other administrative services managers",100,-0.1,30,,100,0.3,50,,5730,0,1750,,60,0,20,,30,0.8999999999999999,10,,580,0.7000000000000001,310,,1240,0.4,550
#10020,"Insurance, real estate and financial brokerage managers",50,-0.3,20,,70,2.4,60,,6830,1.0999999999999999,3150,,N/A,N/A,N/A,,N/A,N/A,N/A,,590,0.8999999999999999,370,,760,0.8,380
#10021,"Banking, credit and other investment managers",200,1,90,,180,0,70,,8470,0.8999999999999999,3500,,90,-0.2,30,,90,2.4,60,,1050,0.8999999999999999,550,,1320,0.8999999999999999,610
#10022,"Advertising, marketing and public relations managers",100,0.8999999999999999,30,,160,0.4,60,,13200,1.0999999999999999,4650,,20,1.9,10,,N/A,N/A,N/A,,1200,1.0999999999999999,530,,1810,1.2,830
#10029,"Other business services managers",50,0.1,20,,70,0.2,30,,2470,0.8999999999999999,1040,,N/A,N/A,N/A,,N/A,N/A,N/A,,260,1.3,150,,610,0.8999999999999999,320
#10030,"Telecommunication carriers managers",N/A,N/A,N/A,,N/A,N/A,N/A,,730,0,230,,N/A,N/A,N/A,,N/A,N/A,N/A,,110,0.3,50,,50,-0.1,10
#11100,"Financial auditors and accountants",410,0,90,,410,0.8,130,,27830,1,8230,,260,-0.7000000000000001,40,,70,-0.1,10,,2720,0.7000000000000001,830,,3860,1.3,1420
#11101,"Financial and investment analysts",50,1,20,,N/A,N/A,N/A,,5140,0.8999999999999999,1500,,N/A,N/A,N/A,,N/A,N/A,N/A,,320,0.8999999999999999,130,,850,0.5,250
#11102,"Financial advisors",170,1.5,60,,550,0.1,160,,12160,1,3590,,110,-0.5,10,,130,1.7999999999999998,50,,1810,1,710,,2210,0.8999999999999999,770
#11103,"Securities agents, investment dealers and brokers",N/A,N/A,N/A,,50,-0.2,10,,2750,1,920,,N/A,N/A,N/A,,N/A,N/A,N/A,,160,0.8999999999999999,60,,270,0.8999999999999999,110
#11109,"Other financial officers",N/A,N/A,N/A,,100,-0.1,30,,4460,0.8999999999999999,1450,,N/A,N/A,N/A,,N/A,N/A,N/A,,510,0.8999999999999999,210,,660,0.8,250
#11200,"Human resources professionals",180,0.5,50,,190,0.6,70,,7710,0.8,2480,,50,-0.7000000000000001,10,,60,1.0999999999999999,20,,870,1.2,410,,1870,0.8,750
#11201,"Professional occupations in business management consulting",60,2.1,40,,170,-0.5,30,,9840,1.0999999999999999,3420,,60,-0.1,20,,N/A,N/A,N/A,,740,2.1,350,,2100,1.3,940
#11202,"Professional occupations in advertising, marketing and public relations",170,0.8999999999999999,50,,320,0.8,90,,19480,1.0999999999999999,5400,,80,-0.8,10,,80,1.0999999999999999,30,,1830,1.0999999999999999,600,,3430,1.2,1140
#12010,"Supervisors, general office and administrative support workers",30,-0.3,10,,60,1.2,30,,2040,0.8,830,,N/A,N/A,N/A,,30,0.2,10,,280,1.0999999999999999,160,,390,0.8,190
#12011,"Supervisors, finance and insurance office workers",20,1.6,10,,N/A,N/A,N/A,,1760,0.8,700,,20,-0.4,10,,40,1.4000000000000001,20,,160,0.7000000000000001,90,,230,0.8999999999999999,110
#12012,"Supervisors, library, correspondence and related information workers",20,0.3,10,,N/A,N/A,N/A,,240,-0.1,90,,N/A,N/A,N/A,,N/A,N/A,N/A,,20,0.7000000000000001,20,,110,0.4,60
#12013,"Supervisors, supply chain, tracking and scheduling coordination occupations",70,0.5,20,,60,0.4,20,,3410,0.6,1110,,20,3.4000000000000004,20,,20,1.2,10,,250,1.0999999999999999,120,,350,0.6,140
#12100,"Executive assistants",120,0.1,50,,150,0.4,60,,4860,0.8999999999999999,1890,,70,-0.1,20,,N/A,N/A,N/A,,520,1.0999999999999999,250,,1070,0.6,460
#12101,"Human resources and recruitment officers",40,1.2,20,,N/A,N/A,N/A,,3470,0.8,1070,,N/A,N/A,N/A,,N/A,N/A,N/A,,350,1.4000000000000001,180,,580,1,240
#12102,"Procurement and purchasing agents and officers",180,0,70,,70,0.4,30,,4220,0.8999999999999999,1740,,20,-0.8999999999999999,0,,140,1.5,90,,530,0.8,300,,1010,0.6,440
#12103,"Conference and event planners",50,-0.6,10,,40,0.8999999999999999,10,,2370,0.8,780,,N/A,N/A,N/A,,N/A,N/A,N/A,,280,1.0999999999999999,120,,460,0.8999999999999999,180
#12104,"Employment insurance and revenue officers",130,0.3,50,,N/A,N/A,N/A,,3040,-0.7000000000000001,630,,N/A,N/A,N/A,,N/A,N/A,N/A,,330,0.6,170,,660,0.1,230
#12110,"Court reporters, medical transcriptionists and related occupations",30,0.2,10,,60,1.5,30,,740,0.7000000000000001,250,,N/A,N/A,N/A,,N/A,N/A,N/A,,230,1.7000000000000002,120,,240,1.0999999999999999,110
#12111,"Health information management occupations",N/A,N/A,N/A,,30,1.7999999999999998,10,,400,1.6,190,,20,0.8999999999999999,10,,N/A,N/A,N/A,,70,1,30,,120,1.3,60
#12112,"Records management technicians",N/A,N/A,N/A,,N/A,N/A,N/A,,140,1.3,50,,N/A,N/A,N/A,,N/A,N/A,N/A,,N/A,N/A,N/A,,60,0.8,30
#12113,"Statistical officers and related research support occupations",N/A,N/A,N/A,,N/A,N/A,N/A,,470,1.2,130,,N/A,N/A,N/A,,N/A,N/A,N/A,,30,0.8,10,,80,1.4000000000000001,30
#12200,"Accounting technicians and bookkeepers",1070,-0.2,280,,940,0.8,340,,16450,1,5530,,610,0,170,,640,0.7000000000000001,240,,4010,0.8,1480,,4820,1.3,1950
#12201,"Insurance adjusters and claims examiners",40,0.3,10,,40,4.7,40,,3790,1,1200,,20,-2.1,0,,N/A,N/A,N/A,,460,0.8999999999999999,180,,470,1.0999999999999999,190
#12202,"Insurance underwriters",N/A,N/A,N/A,,N/A,N/A,N/A,,1700,1,510,,N/A,N/A,N/A,,N/A,N/A,N/A,,120,0.8999999999999999,50,,190,1.0999999999999999,80
#12203,"Assessors, business valuators and appraisers",90,-0.8999999999999999,10,,90,0.7000000000000001,40,,1410,0.8,410,,40,-1.7999999999999998,0,,N/A,N/A,N/A,,190,0.8,80,,350,0.5,100
#13100,"Administrative officers",1220,0.4,540,,1390,0.7000000000000001,730,,27150,1,11450,,550,0.5,260,,620,0.5,280,,4700,1.0999999999999999,2750,,7410,1,3770
#13101,"Property administrators",220,-0.6,70,,190,1.3,120,,7280,1.3,3380,,110,-0.8,30,,130,2.1,90,,870,1.0999999999999999,520,,1710,0.7000000000000001,810
#13102,"Payroll administrators",160,0.3,50,,100,0.8999999999999999,40,,4450,1,1600,,20,1.7999999999999998,10,,70,1,30,,700,0.7000000000000001,290,,1060,1,420
#13110,"Administrative assistants",1110,0.5,350,,900,0.8999999999999999,390,,22150,0.8999999999999999,7090,,470,0.2,130,,640,1.3,270,,3530,0.8999999999999999,1520,,5580,1,2190
#13111,"Legal administrative assistants",110,-0.6,10,,80,1.3,30,,6910,0.8999999999999999,1840,,30,-1.6,0,,20,-0.2,0,,1040,0.5,290,,1290,1.6,530
#13112,"Medical administrative assistants",80,1.7000000000000002,30,,110,1.9,60,,3810,1.7000000000000002,1470,,70,1.3,30,,30,1,10,,760,1.5,340,,870,1.7000000000000002,380
#13200,"Customs, ship and other brokers",N/A,N/A,N/A,,N/A,N/A,N/A,,700,0.3,170,,20,3.1,10,,N/A,N/A,N/A,,40,0.6,10,,60,0.2,20
#13201,"Production and transportation logistics coordinators",40,0.2,10,,70,0.5,30,,5640,0.7000000000000001,1610,,30,0.7000000000000001,10,,N/A,N/A,N/A,,360,0.7000000000000001,140,,370,0.5,130
#14100,"General office support workers",840,0.7000000000000001,290,,900,1,340,,22450,1,7080,,480,0.5,150,,440,1,170,,3200,1,1220,,4850,1,1730
#14101,Receptionists,990,1,310,,740,1.6,310,,18200,1.4000000000000001,5680,,440,1,140,,370,0.8999999999999999,110,,3210,1.3,1180,,4740,1.5,1770
#14102,"Personnel clerks",100,1.7000000000000002,50,,N/A,N/A,N/A,,1250,0.8999999999999999,380,,50,0.7000000000000001,20,,40,1.9,20,,140,0.8,50,,220,0.8999999999999999,80
#14103,"Court clerks and related court services occupations",30,-0.3,0,,20,-0.3,0,,390,-0.8,50,,20,-0.2,0,,N/A,N/A,N/A,,90,0.3,30,,150,0,40
#14110,"Survey interviewers and statistical clerks",90,0.3,20,,60,0.1,10,,470,0.5,110,,30,0.4,10,,20,1.7000000000000002,10,,200,1,70,,220,0.6,70
#14111,"Data entry clerks",160,-0.2,40,,90,-0.8999999999999999,10,,3720,-0.1,620,,30,-1.5,0,,50,1.2,20,,570,-0.4,120,,800,-0.1,180
#14112,"Desktop publishing operators and related occupations",N/A,N/A,N/A,,N/A,N/A,N/A,,50,0.6,10,,N/A,N/A,N/A,,N/A,N/A,N/A,,N/A,N/A,N/A,,N/A,N/A,N/A
#14200,"Accounting and related clerks",630,0.1,180,,580,0.7000000000000001,200,,18310,0.8999999999999999,6160,,390,0.3,120,,370,0.7000000000000001,130,,2480,0.8999999999999999,920,,3710,1,1400
#14201,"Banking, insurance and other financial clerks",40,0.1,10,,40,2.4,30,,1920,0.8999999999999999,620,,20,-1.4000000000000001,0,,N/A,N/A,N/A,,190,1,90,,280,0.8,90
#14202,"Collection clerks",N/A,N/A,N/A,,N/A,N/A,N/A,,840,0.8,290,,N/A,N/A,N/A,,N/A,N/A,N/A,,110,1.5,50,,220,0.4,70
#14300,"Library assistants and clerks",80,-0.7000000000000001,0,,110,0.8,20,,930,0.3,190,,40,0.8,10,,N/A,N/A,N/A,,350,0.5,60,,230,1,110
#14301,"Correspondence, publication and regulatory clerks",50,0.2,10,,20,-0.3,0,,1970,0.5,540,,40,-0.7000000000000001,10,,50,1.2,20,,220,1,100,,630,0.6,200
#14400,"Shippers and receivers",390,0.3,100,,320,0.6,90,,11010,0.7000000000000001,3020,,180,0.6,60,,160,1,50,,1210,0.8,380,,1540,0.6,450
#14401,"Storekeepers and partspersons",520,0.1,120,,250,1.0999999999999999,80,,2930,0.7000000000000001,840,,260,0,60,,260,0.8,80,,980,0.6,250,,940,0.7000000000000001,320
#14402,"Production logistics workers",N/A,N/A,N/A,,N/A,N/A,N/A,,820,1,280,,N/A,N/A,N/A,,N/A,N/A,N/A,,70,1.3,30,,170,1.0999999999999999,70
#14403,"Purchasing and inventory control workers",60,-0.3,10,,60,0,10,,3550,0.7000000000000001,1010,,N/A,N/A,N/A,,N/A,N/A,N/A,,380,1,150,,600,0.8,200
#14404,Dispatchers,110,0.2,30,,20,1.0999999999999999,10,,2650,0.6,680,,30,3.9,30,,60,1.0999999999999999,20,,360,0.8,160,,600,1.2,230
#14405,"Transportation route and crew schedulers",N/A,N/A,N/A,,N/A,N/A,N/A,,410,0.7000000000000001,120,,N/A,N/A,N/A,,N/A,N/A,N/A,,30,-0.3,10,,90,0.8999999999999999,40
#20010,"Engineering managers",30,-0.8999999999999999,10,,140,0.3,60,,3870,1.3,1810,,30,-0.2,10,,40,1.0999999999999999,20,,350,1.3,200,,560,1.6,330
#20011,"Architecture and science managers",N/A,N/A,N/A,,30,0.7000000000000001,10,,1760,1.0999999999999999,760,,N/A,N/A,N/A,,N/A,N/A,N/A,,120,0.8999999999999999,50,,340,1.3,170
#20012,"Computer and information systems managers",40,1.9,30,,130,0.6,70,,12200,1.9,7010,,N/A,N/A,N/A,,N/A,N/A,N/A,,970,1.7999999999999998,670,,1760,1.5,1060
#21100,"Physicists and astronomers",N/A,N/A,N/A,,N/A,N/A,N/A,,420,1.5,140,,N/A,N/A,N/A,,N/A,N/A,N/A,,30,0.8999999999999999,10,,120,1.0999999999999999,50
#21101,Chemists,N/A,N/A,N/A,,N/A,N/A,N/A,,1620,1,510,,N/A,N/A,N/A,,N/A,N/A,N/A,,160,0.7000000000000001,50,,200,1.4000000000000001,90
#21102,"Geoscientists and oceanographers",50,2.6,30,,210,0.5,50,,1500,0.8,450,,40,1.7000000000000002,20,,N/A,N/A,N/A,,400,2.1,180,,600,2.1,290
#21103,"Meteorologists and climatologists",N/A,N/A,N/A,,N/A,N/A,N/A,,90,-0.1,20,,N/A,N/A,N/A,,N/A,N/A,N/A,,N/A,N/A,N/A,,20,0.8,10
#21109,"Other professional occupations in physical sciences",N/A,N/A,N/A,,N/A,N/A,N/A,,20,1.2,10,,N/A,N/A,N/A,,N/A,N/A,N/A,,20,3.3000000000000003,10,,N/A,N/A,N/A
#21110,"Biologists and related scientists",110,0.8999999999999999,20,,280,-0.5,50,,4340,0.8999999999999999,1120,,230,0.3,30,,90,-0.7000000000000001,0,,500,1.4000000000000001,200,,1130,1.0999999999999999,370
#21111,"Forestry professionals",420,0.3,140,,230,-0.4,70,,320,-0.1,70,,260,0.8,110,,50,0.3,20,,520,-0.8,120,,550,0.6,180
#21112,"Agricultural representatives, consultants and specialists",N/A,N/A,N/A,,N/A,N/A,N/A,,140,0.4,40,,N/A,N/A,N/A,,20,-1.3,0,,140,0.4,40,,30,0.7000000000000001,10
#21120,"Public and environmental health and safety professionals",130,1.3,50,,90,0.5,30,,1920,0.8,600,,50,-0.4,10,,120,-0.1,20,,290,1.3,130,,440,1.0999999999999999,180
#21200,Architects,N/A,N/A,N/A,,70,-0.1,10,,3350,1.5,1140,,N/A,N/A,N/A,,N/A,N/A,N/A,,210,1.7999999999999998,90,,500,2.3,270
#21201,"Landscape architects",N/A,N/A,N/A,,N/A,N/A,N/A,,270,1.2,90,,N/A,N/A,N/A,,N/A,N/A,N/A,,50,1.7000000000000002,20,,40,2.1999999999999997,20
#21202,"Urban and land use planners",60,0.1,10,,80,0.7000000000000001,30,,2290,0.6,650,,30,-0.4,0,,20,0.4,10,,210,1.3,90,,790,1.5,350
#21203,"Land surveyors",30,2.6,10,,50,-0.2,10,,590,1.5,220,,50,1.4000000000000001,20,,70,1.0999999999999999,20,,230,1.4000000000000001,100,,290,1.9,140
#21210,"Mathematicians, statisticians and actuaries",N/A,N/A,N/A,,N/A,N/A,N/A,,750,1,210,,N/A,N/A,N/A,,N/A,N/A,N/A,,30,0.8999999999999999,10,,70,1.5,30
#21211,"Data scientists",N/A,N/A,N/A,,N/A,N/A,N/A,,2280,1.7000000000000002,820,,N/A,N/A,N/A,,N/A,N/A,N/A,,40,2.4,20,,160,1.3,70
#21220,"Cybersecurity specialists",N/A,N/A,N/A,,N/A,N/A,N/A,,1460,1.7000000000000002,550,,N/A,N/A,N/A,,N/A,N/A,N/A,,50,0.8999999999999999,20,,210,1.0999999999999999,100
#21221,"Business systems specialists",60,1.3,30,,N/A,N/A,N/A,,3830,1.5,1510,,N/A,N/A,N/A,,N/A,N/A,N/A,,180,1.4000000000000001,80,,860,1.2,370
#21222,"Information systems specialists",220,1.0999999999999999,80,,170,0.8999999999999999,60,,15030,2,6800,,30,3.5999999999999996,20,,N/A,N/A,N/A,,1060,1.6,470,,2350,1.6,1130
#21223,"Database analysts and data administrators",N/A,N/A,N/A,,N/A,N/A,N/A,,2290,1.4000000000000001,880,,N/A,N/A,N/A,,N/A,N/A,N/A,,170,1.4000000000000001,70,,590,1.2,240
#21230,"Computer systems developers and programmers",30,1.2,10,,30,1,10,,3860,2,1580,,N/A,N/A,N/A,,N/A,N/A,N/A,,340,1.7999999999999998,160,,650,1.6,280
#21231,"Software engineers and designers",60,1.0999999999999999,20,,90,0.4,20,,24050,2.1,9200,,N/A,N/A,N/A,,N/A,N/A,N/A,,890,2.1,420,,1890,2,840
#21232,"Software developers and programmers",N/A,N/A,N/A,,120,0.8999999999999999,30,,16590,2.3,7010,,N/A,N/A,N/A,,N/A,N/A,N/A,,1200,2.1,530,,2270,2.1,1020
#21233,"Web designers",N/A,N/A,N/A,,40,1.0999999999999999,10,,2910,2.5,1220,,N/A,N/A,N/A,,N/A,N/A,N/A,,250,2.3,130,,410,2,180
#21234,"Web developers and programmers",50,1.2,20,,60,1.0999999999999999,20,,9510,2.3,3860,,N/A,N/A,N/A,,N/A,N/A,N/A,,650,2.1,290,,1550,2.1,660
#21300,"Civil engineers",120,2.8000000000000003,50,,250,0,50,,7750,1.4000000000000001,2710,,150,0.6,20,,110,1.2,20,,1110,1.4000000000000001,430,,1590,1.7999999999999998,700
#21301,"Mechanical engineers",70,2,30,,220,0.6,50,,5530,1.3,1700,,N/A,N/A,N/A,,30,0.2,0,,440,1.2,140,,850,1.3,280
#21310,"Electrical and electronics engineers",70,1.0999999999999999,20,,130,0,30,,6100,1.4000000000000001,2170,,N/A,N/A,N/A,,30,1.7000000000000002,10,,470,1.4000000000000001,190,,880,1.4000000000000001,340
#21311,"Computer engineers (except software engineers and designers)",N/A,N/A,N/A,,20,1.0999999999999999,10,,2850,1.7999999999999998,1270,,N/A,N/A,N/A,,N/A,N/A,N/A,,110,1.4000000000000001,50,,270,1.4000000000000001,120
#21320,"Chemical engineers",40,-1.3,0,,40,1.3,20,,940,1,230,,N/A,N/A,N/A,,N/A,N/A,N/A,,100,0.8,40,,50,1.2,30
#21321,"Industrial and manufacturing engineers",N/A,N/A,N/A,,40,0.3,10,,1320,1.2,460,,N/A,N/A,N/A,,N/A,N/A,N/A,,30,2.1,10,,120,1.5,40
#21322,"Metallurgical and materials engineers",N/A,N/A,N/A,,30,1,10,,250,1.3,70,,N/A,N/A,N/A,,N/A,N/A,N/A,,N/A,N/A,N/A,,20,2.5,10
#21330,"Mining engineers",N/A,N/A,N/A,,170,0.8,30,,540,1.3,140,,N/A,N/A,N/A,,N/A,N/A,N/A,,100,2.5,40,,30,2.3,20
#21331,"Geological engineers",N/A,N/A,N/A,,70,-0.2,10,,780,1.5,220,,N/A,N/A,N/A,,N/A,N/A,N/A,,150,1.7000000000000002,60,,220,2.1,90
#21332,"Petroleum engineers",N/A,N/A,N/A,,N/A,N/A,N/A,,70,1.9,30,,N/A,N/A,N/A,,N/A,N/A,N/A,,30,1.7000000000000002,10,,20,2.3,10
#21390,"Aerospace engineers",N/A,N/A,N/A,,N/A,N/A,N/A,,190,0.4,60,,N/A,N/A,N/A,,N/A,N/A,N/A,,20,0.3,10,,80,1.6,30
#21399,"Other professional engineers",N/A,N/A,N/A,,30,-0.2,0,,1200,1.3,380,,30,4.2,20,,N/A,N/A,N/A,,40,9.2,60,,590,0.6,180
#22100,"Chemical technologists and technicians",N/A,N/A,N/A,,30,1,10,,730,1,260,,N/A,N/A,N/A,,N/A,N/A,N/A,,70,-0.6,10,,60,2,30
#22101,"Geological and mineral technologists and technicians",80,1.4000000000000001,30,,130,1.2,50,,510,1,180,,20,1.7999999999999998,10,,30,1.5,10,,240,2.1999999999999997,130,,150,2.1,90
#22110,"Biological technologists and technicians",30,0.3,0,,40,0.4,10,,770,0.5,140,,50,-1,0,,N/A,N/A,N/A,,100,0.8,30,,470,0.3,90
#22111,"Agricultural and fish products inspectors",N/A,N/A,N/A,,N/A,N/A,N/A,,410,-0.1,90,,30,1,10,,N/A,N/A,N/A,,30,0.2,10,,30,0.4,10
#22112,"Forestry technologists and technicians",460,0.5,130,,250,-0.2,60,,300,-0.3,50,,180,1.7999999999999998,90,,30,0.6,10,,540,-0.7000000000000001,90,,460,0.1,140
#22113,"Conservation and fishery officers",60,-0.1,20,,50,-0.4,10,,210,-0.4,40,,70,0.3,20,,N/A,N/A,N/A,,140,1.3,60,,190,0.5,70
#22114,"Landscape and horticulture technicians and specialists",60,0.2,20,,220,0.3,40,,2430,0.3,440,,20,0.1,10,,N/A,N/A,N/A,,700,1.5,250,,1410,1,450
#22210,"Architectural technologists and technicians",N/A,N/A,N/A,,80,0.5,20,,1610,1.4000000000000001,530,,N/A,N/A,N/A,,N/A,N/A,N/A,,230,1.7000000000000002,90,,230,2.1999999999999997,120
#22211,"Industrial designers",N/A,N/A,N/A,,N/A,N/A,N/A,,1420,1.5,440,,N/A,N/A,N/A,,N/A,N/A,N/A,,80,0.5,20,,200,1.9,80
#22212,"Drafting technologists and technicians",50,2.6,30,,150,0.2,40,,3320,1.4000000000000001,1140,,N/A,N/A,N/A,,40,1.0999999999999999,10,,520,1.4000000000000001,210,,690,1.7000000000000002,290
#22213,"Land survey technologists and technicians",N/A,N/A,N/A,,N/A,N/A,N/A,,240,1.4000000000000001,80,,N/A,N/A,N/A,,40,1.4000000000000001,20,,60,1.5,20,,120,2.1999999999999997,60
#22214,"Technical occupations in geomatics and meteorology",100,0.8999999999999999,50,,150,0.1,50,,860,0.7000000000000001,260,,90,0,30,,60,0.8,30,,220,0.8,100,,460,1.5,210
#22220,"Computer network and web technicians",290,0.8999999999999999,90,,160,-0.3,30,,6860,1.6,2700,,70,3,40,,70,0,20,,770,1.4000000000000001,310,,1380,1.4000000000000001,570
#22221,"User support technicians",70,0.1,20,,60,0.8999999999999999,20,,6790,1.7000000000000002,2610,,70,3.4000000000000004,50,,N/A,N/A,N/A,,720,1.6,300,,1330,1.5,560
#22222,"Information systems testing technicians",N/A,N/A,N/A,,N/A,N/A,N/A,,1390,2.1999999999999997,620,,N/A,N/A,N/A,,N/A,N/A,N/A,,110,2.1,60,,120,2.3,60
#22230,"Non-destructive testers and inspectors",20,3.6999999999999997,20,,50,0.2,10,,230,1.3,90,,N/A,N/A,N/A,,60,1.0999999999999999,20,,110,1.4000000000000001,50,,100,2.1,50
#22231,"Engineering inspectors and regulatory officers",30,0.3,10,,N/A,N/A,N/A,,410,0.8,130,,N/A,N/A,N/A,,30,2,10,,N/A,N/A,N/A,,90,0.8999999999999999,40
#22232,"Occupational health and safety specialists",70,0.4,20,,80,1.2,40,,1690,1,620,,50,0.8,20,,70,-0.7000000000000001,10,,330,1.3,160,,410,0.8999999999999999,170
#22233,"Construction inspectors",60,0.1,20,,140,0.5,50,,1790,1.3,730,,20,-0.1,0,,100,-0.3,20,,480,1.0999999999999999,220,,450,1.7000000000000002,230
#22300,"Civil engineering technologists and technicians",140,2.1999999999999997,60,,190,-0.3,40,,1490,1.0999999999999999,490,,40,0.8,10,,80,-0.6,10,,520,1.4000000000000001,220,,510,1.9,240
#22301,"Mechanical engineering technologists and technicians",80,1.4000000000000001,30,,70,-0.2,20,,2270,1.3,890,,40,-1.6,0,,90,-0.3,20,,320,1,120,,570,0.8999999999999999,190
#22302,"Industrial engineering and manufacturing technologists and technicians",40,-1,10,,N/A,N/A,N/A,,1370,0.8999999999999999,440,,N/A,N/A,N/A,,N/A,N/A,N/A,,100,0.4,30,,210,0.6,70
#22303,"Construction estimators",50,0,10,,60,0.5,20,,2800,1.7999999999999998,1160,,N/A,N/A,N/A,,N/A,N/A,N/A,,580,0.8999999999999999,210,,640,0.4,180
#22310,"Electrical and electronics engineering technologists and technicians",110,1.2,40,,140,0.4,50,,3830,1.2,1470,,50,2.1999999999999997,20,,80,1,20,,520,1.0999999999999999,230,,910,1,350
#22311,"Electronic service technicians (household and business equipment)",280,0.7000000000000001,90,,180,0.4,50,,5450,1.0999999999999999,1790,,100,0.8,30,,150,0.6,50,,1030,1.4000000000000001,420,,1290,0.8999999999999999,440
#22312,"Industrial instrument technicians and mechanics",100,-0.8999999999999999,10,,130,0.8999999999999999,50,,230,1.0999999999999999,80,,N/A,N/A,N/A,,210,-0.3,30,,170,1.2,70,,180,0.8,70
#22313,"Aircraft instrument, electrical and avionics mechanics, technicians and inspectors",N/A,N/A,N/A,,N/A,N/A,N/A,,610,0.4,140,,N/A,N/A,N/A,,N/A,N/A,N/A,,140,0.7000000000000001,40,,160,0.7000000000000001,50
#30010,"Managers in health care",230,1.6,130,,110,2,80,,4580,1.7999999999999998,2490,,110,1.0999999999999999,50,,30,1.7999999999999998,20,,750,1.4000000000000001,470,,1570,1.6,1000
#31100,"Specialists in clinical and laboratory medicine",190,2,80,,140,1.9,60,,5630,1.7999999999999998,2070,,50,1.9,20,,50,1.3,20,,690,1.4000000000000001,280,,1240,1.7000000000000002,500
#31101,"Specialists in surgery",50,1.9,30,,70,1.9,40,,1550,1.7999999999999998,650,,N/A,N/A,N/A,,N/A,N/A,N/A,,230,1.6,110,,300,1.7999999999999998,130
#31102,"General practitioners and family physicians",220,1.9,90,,340,2,160,,7470,1.7999999999999998,2680,,130,1.6,50,,90,1.2,30,,920,1.6,380,,2040,1.7999999999999998,860
#31103,Veterinarians,30,-0.6,10,,50,1.2,20,,990,0.8999999999999999,370,,20,-1.6,0,,N/A,N/A,N/A,,220,0.4,70,,450,2.1,240
#31110,Dentists,70,1.7000000000000002,30,,140,2,60,,3310,1.7999999999999998,1280,,60,2.1,30,,40,1,10,,390,1.7000000000000002,160,,520,1.9,220
#31111,Optometrists,20,1.7000000000000002,10,,30,2,20,,680,1.7999999999999998,310,,20,2.1,10,,N/A,N/A,N/A,,90,1.7000000000000002,40,,160,1.7999999999999998,80
#31112,"Audiologists and speech-language pathologists",50,1.0999999999999999,20,,50,0.8,20,,1160,1.4000000000000001,420,,N/A,N/A,N/A,,N/A,N/A,N/A,,200,1.2,80,,390,1.4000000000000001,160
#31120,Pharmacists,200,0,40,,340,1.0999999999999999,140,,4530,1.7999999999999998,1740,,80,-1,10,,60,-1.5,0,,700,1.0999999999999999,290,,1380,1,470
#31121,"Dietitians and nutritionists",40,1.9,20,,50,1.9,20,,1240,1.6,490,,20,1.6,10,,N/A,N/A,N/A,,230,1.3,90,,320,1.5,140
#31200,Psychologists,N/A,N/A,N/A,,40,2,20,,1840,1.4000000000000001,700,,N/A,N/A,N/A,,N/A,N/A,N/A,,170,1.2,70,,430,1.6,200
#31201,Chiropractors,70,1.7000000000000002,30,,30,2,10,,1000,1.7999999999999998,420,,20,2.1,10,,N/A,N/A,N/A,,220,1.6,110,,230,1.9,120
#31202,Physiotherapists,120,1.6,50,,190,1.9,90,,3830,1.7999999999999998,1520,,60,1.9,30,,40,1.4000000000000001,20,,590,1.5,260,,970,1.7000000000000002,430
#31203,"Occupational therapists",70,2,40,,70,1.9,30,,2550,1.7000000000000002,960,,40,1.6,20,,N/A,N/A,N/A,,310,1.5,120,,650,1.6,260
#31204,"Kinesiologists and other professional occupations in therapy and assessment",N/A,N/A,N/A,,30,2,10,,1720,1.6,530,,N/A,N/A,N/A,,N/A,N/A,N/A,,280,1.5,100,,290,1.7999999999999998,110
#31209,"Other professional occupations in health diagnosing and treating",20,1.7000000000000002,10,,70,2,40,,660,1.7999999999999998,270,,N/A,N/A,N/A,,N/A,N/A,N/A,,140,1.7000000000000002,70,,150,1.9,70
#31300,"Nursing coordinators and supervisors",20,2,20,,30,1.7999999999999998,20,,1680,1.7999999999999998,890,,20,0.6,10,,50,1.5,30,,210,1.3,120,,480,1.6,290
#31301,"Registered nurses and registered psychiatric nurses",2200,2,960,,1770,1.9,790,,40700,1.7000000000000002,15680,,690,1.0999999999999999,230,,720,1.7000000000000002,290,,7260,1.2,2610,,13110,1.5,5040
#31302,"Nurse practitioners",40,2,20,,40,1.9,20,,600,1.7999999999999998,220,,N/A,N/A,N/A,,N/A,N/A,N/A,,100,1.5,40,,200,1.6,80
#31303,"Physician assistants, midwives and allied health professionals",N/A,N/A,N/A,,N/A,N/A,N/A,,240,1.7000000000000002,100,,N/A,N/A,N/A,,N/A,N/A,N/A,,20,1.4000000000000001,10,,100,1.5,40
#32100,Opticians,50,-0.7000000000000001,10,,20,1.3,10,,980,1.6,470,,N/A,N/A,N/A,,N/A,N/A,N/A,,180,1.3,90,,230,1,90
#32101,"Licensed practical nurses",470,2.1,230,,460,2.1,220,,6100,1.7000000000000002,2330,,120,0.8,40,,190,1.6,80,,1580,1.3,580,,2660,1.6,1050
#32102,"Paramedical occupations",180,1.7999999999999998,80,,270,2,130,,1950,1.7000000000000002,720,,160,2.1,80,,110,1,40,,600,1.6,260,,970,1.7000000000000002,410
#32103,"Respiratory therapists, clinical perfusionists and cardiopulmonary technologists",40,2,20,,40,1.9,20,,1580,1.7999999999999998,590,,N/A,N/A,N/A,,N/A,N/A,N/A,,260,1.2,110,,420,1.5,160
#32104,"Animal health technologists and veterinary technicians",60,-0.6,0,,70,1.2,20,,2190,1,510,,60,-1.6,0,,30,0,0,,500,0.4,110,,790,2.1,320
#32109,"Other technical occupations in therapy and assessment",60,1.9,20,,90,1.3,30,,1710,1.7000000000000002,620,,N/A,N/A,N/A,,60,1.3,20,,380,1.3,140,,420,1.6,170
#32110,Denturists,N/A,N/A,N/A,,N/A,N/A,N/A,,150,1.6,50,,N/A,N/A,N/A,,N/A,N/A,N/A,,50,1.7000000000000002,20,,50,1.9,20
#32111,"Dental hygienists and dental therapists",110,1.7000000000000002,40,,170,2,90,,2600,1.7999999999999998,1030,,80,2.1,40,,70,1,20,,470,1.6,230,,740,1.9,350
#32112,"Dental technologists and technicians",N/A,N/A,N/A,,N/A,N/A,N/A,,790,1.2,280,,N/A,N/A,N/A,,N/A,N/A,N/A,,80,0.2,20,,120,1.0999999999999999,50
#32120,"Medical laboratory technologists",100,1.9,40,,110,1.9,50,,2720,1.7999999999999998,1140,,50,1.5,20,,N/A,N/A,N/A,,340,1.3,150,,610,1.6,250
#32121,"Medical radiation technologists",200,2,90,,100,1.7999999999999998,50,,2560,1.7000000000000002,970,,50,0.8999999999999999,10,,80,1.7999999999999998,30,,530,1.2,190,,870,1.5,330
#32122,"Medical sonographers",40,1.9,10,,60,1.7999999999999998,30,,880,1.7999999999999998,370,,N/A,N/A,N/A,,N/A,N/A,N/A,,100,1.3,40,,270,1.5,110
#32123,"Cardiology technologists and electrophysiological diagnostic technologists",N/A,N/A,N/A,,N/A,N/A,N/A,,620,1.7999999999999998,230,,N/A,N/A,N/A,,N/A,N/A,N/A,,120,1.2,30,,190,1.5,70
#32124,"Pharmacy technicians",90,0.4,20,,200,1.3,80,,1900,1.7000000000000002,740,,50,-0.1,10,,50,0,10,,390,1.0999999999999999,150,,660,1.0999999999999999,230
#32129,"Other medical technologists and technicians",N/A,N/A,N/A,,20,2,10,,340,1.4000000000000001,110,,N/A,N/A,N/A,,N/A,N/A,N/A,,50,0.8999999999999999,20,,50,1.0999999999999999,20
#32200,"Traditional Chinese medicine practitioners and acupuncturists",30,1.7000000000000002,10,,60,2,30,,1330,1.7999999999999998,510,,N/A,N/A,N/A,,N/A,N/A,N/A,,70,1.7000000000000002,20,,290,1.7999999999999998,110
#32201,"Massage therapists",150,1.7000000000000002,60,,360,1.9,190,,4770,1.7000000000000002,1950,,110,2.1,50,,60,1.3,20,,820,1.6,390,,1400,1.7000000000000002,650
#32209,"Other practitioners of natural healing",40,0.5,10,,30,2,20,,560,1.7000000000000002,250,,N/A,N/A,N/A,,N/A,N/A,N/A,,120,1.6,60,,310,1.7000000000000002,150
#33100,"Dental assistants and dental laboratory assistants",220,1.7999999999999998,70,,210,2,100,,4920,1.7999999999999998,1900,,100,2.1,40,,120,1,20,,630,1.6,270,,1000,1.7999999999999998,410
#33101,"Medical laboratory assistants and related technical occupations",210,2,90,,140,1.9,60,,3420,1.7000000000000002,1250,,70,1.3,20,,110,1.6,40,,440,1.4000000000000001,170,,920,1.6,350
#33102,"Nurse aides, orderlies and patient service associates",1450,1.7999999999999998,650,,1680,2,790,,27510,1.6,11410,,650,1,220,,500,1.6,210,,5920,1.4000000000000001,2330,,11610,1.6,4590
#33103,"Pharmacy technical assistants and pharmacy assistants",120,-0.6,10,,200,0.8999999999999999,70,,2570,1.7000000000000002,850,,60,-1,0,,80,-1.2,0,,470,1.0999999999999999,180,,810,0.8999999999999999,210
#33109,"Other assisting occupations in support of health services",240,2,120,,190,1.9,90,,3900,1.7000000000000002,1450,,50,1.6,20,,40,1,20,,800,1.4000000000000001,320,,1400,1.6,540
#40010,"Government managers - health and social policy development and program administration",30,-0.1,10,,N/A,N/A,N/A,,600,-0.3,190,,N/A,N/A,N/A,,N/A,N/A,N/A,,90,0.5,50,,520,-0.3,200
#40011,"Government managers - economic analysis, policy development and program administration",60,0,30,,50,-0.1,20,,910,-0.4,310,,60,-0.3,20,,20,0.3,10,,130,0.5,80,,440,0,210
#40012,"Government managers - education policy development and program administration",N/A,N/A,N/A,,N/A,N/A,N/A,,170,-0.3,50,,N/A,N/A,N/A,,N/A,N/A,N/A,,N/A,N/A,N/A,,110,0.2,40
#40019,"Other managers in public administration",30,-0.1,10,,N/A,N/A,N/A,,210,-0.2,60,,20,-0.2,10,,20,0.4,10,,100,0.6,50,,250,0.4,110
#40020,"Administrators - post-secondary education and vocational training",80,0.8,30,,60,0.6,30,,3120,0.4,1070,,40,-0.8,10,,40,2.3,30,,290,1.0999999999999999,170,,540,1.4000000000000001,320
#40021,"School principals and administrators of elementary and secondary education",180,-0.5,80,,200,0,110,,2790,0,1170,,110,-0.3,50,,70,0.8,40,,450,0.2,260,,980,0.4,540
#40030,"Managers in social, community and correctional services",220,0.1,80,,160,0,60,,4090,1.0999999999999999,1750,,120,0.4,50,,20,1,10,,610,1.3,350,,1220,1.0999999999999999,580
#40040,"Commissioned police officers and related occupations in public protection services",N/A,N/A,N/A,,N/A,N/A,N/A,,130,-0.1,60,,N/A,N/A,N/A,,N/A,N/A,N/A,,N/A,N/A,N/A,,40,0.8999999999999999,30
#40041,"Fire chiefs and senior firefighting officers",N/A,N/A,N/A,,60,0.4,50,,210,0.1,110,,20,0.6,10,,20,0.6,10,,100,0.8999999999999999,80,,150,2.1,120
#40042,"Commissioned officers of the Canadian Armed Forces",N/A,N/A,N/A,,N/A,N/A,N/A,,510,-0.7000000000000001,70,,N/A,N/A,N/A,,N/A,N/A,N/A,,40,0.6,10,,1270,0.3,360
#41100,Judges,N/A,N/A,N/A,,N/A,N/A,N/A,,290,-0.7000000000000001,70,,N/A,N/A,N/A,,N/A,N/A,N/A,,30,0.4,10,,40,-0.1,10
#41101,"Lawyers and Quebec notaries",190,-0.6,20,,120,1.2,50,,13010,0.8999999999999999,3390,,90,-1.6,0,,40,-0.1,10,,1020,0.5,280,,2470,1.6,950
#41200,"University professors and lecturers",360,1.2,140,,90,5.3,90,,9690,0.8,2830,,N/A,N/A,N/A,,N/A,N/A,N/A,,2060,0.8,620,,2630,1.3,1190
#41201,"Post-secondary teaching and research assistants",240,1,60,,160,2.1,60,,11560,0.8,2210,,140,4.6,110,,210,-2.5,-20,,1560,0.8,380,,1720,1.4000000000000001,490
#41210,"College and other vocational instructors",350,-0.5,70,,590,0.6,240,,10630,0.2,2710,,190,-0.8,30,,240,2.1999999999999997,130,,910,1.6,480,,2010,1.5,950
#41220,"Secondary school teachers",610,-0.5,120,,640,-0.1,180,,12830,0,2940,,350,-0.3,70,,150,0.8,50,,2020,0.2,610,,3740,0.5,1200
#41221,"Elementary school and kindergarten teachers",1210,-0.5,250,,1400,0,390,,22300,0,5080,,750,-0.3,170,,690,0.8,240,,3920,0.2,1190,,7020,0.5,2210
#41300,"Social workers",450,0.6,140,,330,0.7000000000000001,100,,5500,1.0999999999999999,1730,,250,0,60,,110,1.2,40,,1270,1.2,480,,1830,1.2,680
#41301,"Therapists in counselling and related specialized therapies",290,0.8999999999999999,90,,340,0.8999999999999999,90,,5830,1.5,2050,,130,1,40,,80,1.3,30,,1020,1.7999999999999998,390,,2420,1.7999999999999998,1040
#41302,"Religious leaders",220,1.4000000000000001,80,,140,1.7000000000000002,60,,2850,0.8999999999999999,810,,110,0.3,20,,100,1.7000000000000002,40,,660,1.3,230,,680,0.5,180
#41310,"Police investigators and other investigative occupations",N/A,N/A,N/A,,N/A,N/A,N/A,,430,-0.4,90,,N/A,N/A,N/A,,N/A,N/A,N/A,,40,0.5,20,,90,0.3,30
#41311,"Probation and parole officers",50,-0.1,10,,30,-0.8,10,,540,-0.8999999999999999,60,,70,-0.4,10,,N/A,N/A,N/A,,90,0.2,30,,180,-0.2,40
#41320,"Educational counsellors",140,0,50,,90,0.2,30,,3590,0.3,920,,60,-0.6,20,,40,1.7999999999999998,20,,460,0.6,180,,1040,1,430
#41321,"Career development practitioners and career counsellors (except education)",80,0.6,30,,60,1.2,30,,1130,0.8999999999999999,380,,30,0,10,,N/A,N/A,N/A,,180,1.9,90,,320,1.4000000000000001,150
#41400,"Natural and applied science policy researchers, consultants and program officers",120,0.5,30,,270,-0.1,50,,2710,0.6,710,,260,0.6,70,,140,-0.6,20,,590,1.4000000000000001,240,,1370,0.8,470
#41401,"Economists and economic policy researchers and analysts",N/A,N/A,N/A,,N/A,N/A,N/A,,1520,0.7000000000000001,400,,N/A,N/A,N/A,,N/A,N/A,N/A,,60,1.4000000000000001,20,,570,0.3,170
#41402,"Business development officers and market researchers and analysts",20,1.2,10,,N/A,N/A,N/A,,5180,1.0999999999999999,1580,,60,0.1,10,,N/A,N/A,N/A,,540,1.2,230,,660,1.4000000000000001,250
#41403,"Social policy researchers, consultants and program officers",80,0.3,30,,30,0.8,10,,3720,0.5,990,,40,-0.2,10,,30,0.6,10,,350,0.8,120,,1570,0.4,450
#41404,"Health policy researchers, consultants and program officers",180,1.9,100,,60,1.4000000000000001,30,,2880,1.3,940,,50,1.0999999999999999,20,,N/A,N/A,N/A,,370,1.3,160,,1200,0.8999999999999999,390
#41405,"Education policy researchers, consultants and program officers",80,0.3,20,,60,0.3,20,,2950,0.5,710,,80,3.4000000000000004,60,,50,0.5,10,,330,0.8999999999999999,110,,970,1,340
#41406,"Recreation, sports and fitness policy researchers, consultants and program officers",40,0.2,10,,30,0,10,,1150,0.8,330,,50,0.3,10,,30,1.3,10,,240,1.0999999999999999,90,,400,1.6,160
#41407,"Program officers unique to government",N/A,N/A,N/A,,N/A,N/A,N/A,,530,-0.5,90,,N/A,N/A,N/A,,N/A,N/A,N/A,,50,0.4,20,,440,0,110
#41409,"Other professional occupations in social science",50,-0.5,0,,N/A,N/A,N/A,,770,0.8,200,,60,-1.4000000000000001,0,,40,-0.5,0,,120,1.0999999999999999,40,,350,1.3,130
#42100,"Police officers (except commissioned)",430,0.3,130,,120,0.2,40,,8160,-0.3,1840,,280,0.3,90,,90,1.5,40,,990,0.6,380,,1610,1,720
#42101,Firefighters,110,0,20,,150,0.7000000000000001,60,,4100,0.1,1090,,70,1.6,30,,80,0.6,20,,680,0.8999999999999999,280,,790,1.7000000000000002,390
#42102,"Specialized members of the Canadian Armed Forces",N/A,N/A,N/A,,N/A,N/A,N/A,,N/A,N/A,N/A,,N/A,N/A,N/A,,N/A,N/A,N/A,,N/A,N/A,N/A,,190,0.2,70
#42200,"Paralegals and related occupations",50,-0.4,10,,50,0.3,20,,4230,-0.3,750,,20,0.4,10,,20,0.4,0,,420,0.5,160,,720,0.5,240
#42201,"Social and community service workers",1760,0.5,500,,1240,0.7000000000000001,330,,20530,1.3,7290,,860,0.4,230,,420,1.3,160,,4130,1.6,1590,,8470,1.5,3360
#42202,"Early childhood educators and assistants",910,0.8999999999999999,260,,860,0.5,190,,16060,2.8000000000000003,8300,,670,2.4,330,,250,2.4,120,,2250,1.7999999999999998,890,,4010,2.3,1830
#42203,"Instructors of persons with disabilities",80,0.2,10,,60,1.0999999999999999,20,,1610,1.0999999999999999,400,,30,-0.1,0,,N/A,N/A,N/A,,200,1.6,70,,220,1.0999999999999999,70
#42204,"Religion workers",20,1.4000000000000001,10,,30,0.5,10,,840,0.8999999999999999,230,,N/A,N/A,N/A,,N/A,N/A,N/A,,70,1.3,30,,140,0.8999999999999999,40
#43100,"Elementary and secondary school teacher assistants",860,-0.5,180,,1010,0,270,,12380,0,2720,,490,-0.3,110,,410,0.8,150,,2280,0.2,680,,3880,0.4,1240
#43109,"Other instructors",70,-0.2,10,,N/A,N/A,N/A,,7530,0.6,1590,,N/A,N/A,N/A,,60,0.2,10,,320,1.0999999999999999,160,,970,0.8999999999999999,310
#43200,"Sheriffs and bailiffs",N/A,N/A,N/A,,20,-0.8,0,,500,-0.6,70,,N/A,N/A,N/A,,N/A,N/A,N/A,,50,0.3,20,,130,-0.2,40
#43201,"Correctional service officers",140,-0.2,30,,30,-0.3,10,,2540,-0.7000000000000001,330,,30,0.2,10,,20,0.8999999999999999,10,,370,0.3,140,,470,0.1,140
#43202,"By-law enforcement and other regulatory officers",60,-0.1,10,,70,0.3,30,,1260,0.2,270,,40,0.1,10,,20,-0.1,0,,150,0.7000000000000001,70,,290,1.4000000000000001,130
#43203,"Border services, customs, and immigration officers",N/A,N/A,N/A,,40,0.1,10,,1400,-0.6,210,,30,0.3,10,,N/A,N/A,N/A,,60,0.6,10,,70,0.1,20
#43204,"Operations members of the Canadian Armed Forces",30,0.3,10,,30,0.1,0,,640,-0.7000000000000001,100,,20,0.4,10,,N/A,N/A,N/A,,90,0.6,20,,1780,0.2,470
#44100,"Home child care providers",230,-3.5999999999999996,-50,,230,-3.2,-30,,5150,-2,-110,,130,-2.4,-10,,80,-1.7000000000000002,0,,630,-2.3,-40,,1120,0.4,240
#44101,"Home support workers, caregivers and related occupations",230,1,80,,330,1.5,130,,4800,1.5,1940,,140,1.0999999999999999,50,,110,1.5,50,,920,1.6,370,,2430,1.7000000000000002,990
#44200,"Primary combat members of the Canadian Armed Forces",20,0.3,0,,N/A,N/A,N/A,,200,-0.7000000000000001,0,,N/A,N/A,N/A,,N/A,N/A,N/A,,20,0.6,0,,120,0.2,20
#45100,"Student monitors, crossing guards and related occupations",80,-0.5,20,,60,0,10,,1390,0,310,,20,-0.3,0,,20,0.8,10,,170,0.2,30,,230,0.4,70
#50010,"Library, archive, museum and art gallery managers",20,-0.7000000000000001,10,,70,0.5,30,,460,0.6,180,,30,0.3,20,,20,2.1999999999999997,10,,110,0.8999999999999999,60,,110,1.2,70
#50011,"Managers - publishing, motion pictures, broadcasting and performing arts",N/A,N/A,N/A,,40,2.1,30,,1310,0.8999999999999999,540,,30,1.5,20,,N/A,N/A,N/A,,120,1.9,90,,180,1.0999999999999999,90
#50012,"Recreation, sports and fitness program and service directors",80,0.2,30,,70,0.1,30,,1650,0.8,640,,20,0.3,10,,50,1.7000000000000002,20,,500,1.0999999999999999,270,,540,1.5,290
#51100,Librarians,20,-0.7000000000000001,0,,60,0.8,10,,810,0.3,210,,N/A,N/A,N/A,,N/A,N/A,N/A,,190,0.5,40,,90,0.8999999999999999,30
#51101,"Conservators and curators",N/A,N/A,N/A,,N/A,N/A,N/A,,270,0.8999999999999999,80,,N/A,N/A,N/A,,N/A,N/A,N/A,,60,1.0999999999999999,20,,110,1.6,40
#51102,Archivists,N/A,N/A,N/A,,N/A,N/A,N/A,,50,0.1,10,,N/A,N/A,N/A,,N/A,N/A,N/A,,N/A,N/A,N/A,,50,0.5,20
#51110,Editors,N/A,N/A,N/A,,40,-0.1,10,,1300,0.7000000000000001,450,,N/A,N/A,N/A,,N/A,N/A,N/A,,120,1.9,80,,450,0.8999999999999999,210
#51111,"Authors and writers (except technical)",40,-0.1,10,,40,1.5,20,,3120,1,930,,30,-2.1,0,,N/A,N/A,N/A,,410,1.7000000000000002,200,,960,1.2,370
#51112,"Technical writers",N/A,N/A,N/A,,N/A,N/A,N/A,,990,1.5,390,,N/A,N/A,N/A,,N/A,N/A,N/A,,70,1.4000000000000001,30,,220,1.6,110
#51113,Journalists,20,1.0999999999999999,10,,30,-1.0999999999999999,0,,820,0.3,210,,N/A,N/A,N/A,,N/A,N/A,N/A,,130,1.3,50,,140,1.2,60
#51114,"Translators, terminologists and interpreters",N/A,N/A,N/A,,N/A,N/A,N/A,,1580,0.8999999999999999,470,,N/A,N/A,N/A,,N/A,N/A,N/A,,70,0.4,20,,200,1.9,90
#51120,"Producers, directors, choreographers and related occupations",20,-0.7000000000000001,0,,70,1.7999999999999998,40,,5350,1.0999999999999999,2090,,50,1.5,20,,N/A,N/A,N/A,,350,1.5,180,,860,1,420
#51121,"Conductors, composers and arrangers",N/A,N/A,N/A,,N/A,N/A,N/A,,460,0.8999999999999999,120,,N/A,N/A,N/A,,N/A,N/A,N/A,,N/A,N/A,N/A,,120,0.8,40
#51122,"Musicians and singers",40,0.4,10,,30,-0.1,10,,5260,0.7000000000000001,1070,,20,-0.6,0,,N/A,N/A,N/A,,440,1.3,190,,1380,1,410
#52100,"Library and public archive technicians",20,-0.5,0,,20,0.5,10,,660,0.2,180,,N/A,N/A,N/A,,N/A,N/A,N/A,,100,0.6,40,,150,0.7000000000000001,60
#52110,"Film and video camera operators",N/A,N/A,N/A,,N/A,N/A,N/A,,840,1.2,260,,N/A,N/A,N/A,,N/A,N/A,N/A,,90,1.4000000000000001,20,,190,1.0999999999999999,60
#52111,"Graphic arts technicians",N/A,N/A,N/A,,N/A,N/A,N/A,,3320,1.4000000000000001,1050,,N/A,N/A,N/A,,N/A,N/A,N/A,,80,2.1999999999999997,30,,140,1.4000000000000001,50
#52112,"Broadcast technicians",N/A,N/A,N/A,,N/A,N/A,N/A,,110,0.3,30,,N/A,N/A,N/A,,N/A,N/A,N/A,,20,0.5,10,,N/A,N/A,N/A
#52113,"Audio and video recording technicians",N/A,N/A,N/A,,30,3.2,20,,2360,1.0999999999999999,740,,N/A,N/A,N/A,,N/A,N/A,N/A,,140,1.5,30,,390,1,120
#52114,"Announcers and other broadcasters",20,-0.7000000000000001,0,,N/A,N/A,N/A,,270,0.3,60,,N/A,N/A,N/A,,N/A,N/A,N/A,,100,0.5,20,,50,0.8999999999999999,20
#52119,"Other technical and coordinating occupations in motion pictures, broadcasting and the performing arts",70,0.8,30,,80,1.9,30,,5560,1.2,1840,,N/A,N/A,N/A,,N/A,N/A,N/A,,280,1.7000000000000002,100,,580,1,210
#52120,"Graphic designers and illustrators",140,0.5,40,,170,1.4000000000000001,50,,15230,1.2,4610,,50,-1.4000000000000001,0,,30,-0.6,0,,970,1.2,260,,2070,1.6,860
#52121,"Interior designers and interior decorators",20,0.2,0,,70,1.2,20,,4340,1.0999999999999999,1380,,N/A,N/A,N/A,,N/A,N/A,N/A,,490,0.8,140,,720,1.6,310
#53100,"Registrars, restorers, interpreters and other occupations related to museum and art galleries",30,-1.0999999999999999,0,,20,0.7000000000000001,10,,540,0.7000000000000001,120,,40,-0.1,10,,N/A,N/A,N/A,,70,1.0999999999999999,30,,150,1.6,50
#53110,Photographers,20,-0.6,0,,70,1.2,20,,2470,0.8999999999999999,580,,N/A,N/A,N/A,,30,0,10,,320,0.5,60,,690,2,290
#53111,"Motion pictures, broadcasting, photography and performing arts assistants and operators",N/A,N/A,N/A,,N/A,N/A,N/A,,3650,1.2,1220,,N/A,N/A,N/A,,N/A,N/A,N/A,,190,1.7000000000000002,50,,280,1,80
#53120,Dancers,N/A,N/A,N/A,,N/A,N/A,N/A,,1240,0.6,210,,N/A,N/A,N/A,,70,-0.3,10,,160,1.0999999999999999,40,,280,0.8999999999999999,70
#53121,"Actors, comedians and circus performers",50,-1.6,0,,N/A,N/A,N/A,,3080,1.0999999999999999,880,,N/A,N/A,N/A,,N/A,N/A,N/A,,130,1.6,40,,260,0.8999999999999999,70
#53122,"Painters, sculptors and other visual artists",110,-1.6,0,,60,1.4000000000000001,30,,2510,0.8999999999999999,790,,30,-2.6,0,,70,-0.5,10,,420,1.7000000000000002,240,,1120,1,420
#53123,"Theatre, fashion, exhibit and other creative designers",N/A,N/A,N/A,,30,0.4,10,,2330,0.8999999999999999,660,,N/A,N/A,N/A,,N/A,N/A,N/A,,70,1.0999999999999999,30,,240,1.2,80
#53124,"Artisans and craftspersons",100,-1,10,,140,0.2,40,,1880,0.8,620,,50,-2.1,0,,N/A,N/A,N/A,,390,0.8999999999999999,160,,990,0.6,330
#53125,"Patternmakers - textile, leather and fur products",N/A,N/A,N/A,,N/A,N/A,N/A,,100,0.6,40,,N/A,N/A,N/A,,N/A,N/A,N/A,,N/A,N/A,N/A,,20,0.2,10
#53200,Athletes,30,0.2,0,,N/A,N/A,N/A,,460,0.8,120,,N/A,N/A,N/A,,N/A,N/A,N/A,,100,1.7000000000000002,40,,180,1.2,60
#53201,Coaches,40,0.2,10,,70,0.1,20,,2450,0.8,690,,30,0.2,10,,30,0.2,10,,420,1.3,180,,500,1.2,220
#53202,"Sports officials and referees",N/A,N/A,N/A,,N/A,N/A,N/A,,140,0.8,30,,N/A,N/A,N/A,,N/A,N/A,N/A,,N/A,N/A,N/A,,N/A,N/A,N/A
#54100,"Program leaders and instructors in recreation, sport and fitness",320,0.4,60,,460,0.4,90,,12740,0.8,2760,,250,0.1,40,,160,1.7000000000000002,60,,2210,1.0999999999999999,620,,3300,1.4000000000000001,1140
#55109,"Other performers",N/A,N/A,N/A,,N/A,N/A,N/A,,530,0.8999999999999999,170,,N/A,N/A,N/A,,N/A,N/A,N/A,,80,1.5,40,,150,1.2,50
#60010,"Corporate sales managers",140,0,50,,100,0.1,40,,9810,1.2,4130,,N/A,N/A,N/A,,30,0.4,10,,1000,1.0999999999999999,560,,1250,1,620
#60020,"Retail and wholesale trade managers",2190,0.5,810,,2600,0.7000000000000001,1160,,45550,0.7000000000000001,15930,,1070,-0.6,260,,950,1.0999999999999999,430,,8450,0.8999999999999999,4000,,11870,0.7000000000000001,4800
#60030,"Restaurant and food service managers",540,1,200,,960,0.5,360,,16560,0.8999999999999999,5960,,270,0.3,80,,260,0.8999999999999999,90,,2160,1.4000000000000001,1100,,4270,0.1,1290
#60031,"Accommodation service managers",160,-0.3,50,,550,0.7000000000000001,210,,4380,0.4,1290,,180,0.4,80,,110,1.5,70,,1300,-0.5,280,,1640,-0.4,470
#60040,"Managers in customer and personal services",120,0.8,50,,100,2.1,60,,3330,0.6,1040,,70,0.3,20,,100,0.5,40,,660,1.7000000000000002,340,,1090,0.7000000000000001,420
#62010,"Retail sales supervisors",270,0.8,80,,400,0.7000000000000001,150,,6310,0.8,1980,,110,-1,10,,160,0.8999999999999999,50,,960,1,400,,1950,0.8,700
#62020,"Food service supervisors",320,0.8999999999999999,70,,390,0.7000000000000001,110,,7450,0.8999999999999999,2000,,140,0.3,20,,190,0.8,40,,1070,1.4000000000000001,390,,1920,0.1,400
#62021,"Executive housekeepers",N/A,N/A,N/A,,20,0.7000000000000001,10,,230,0.4,100,,N/A,N/A,N/A,,N/A,N/A,N/A,,30,-0.7000000000000001,10,,70,-0.1,20
#62022,"Accommodation, travel, tourism and related services supervisors",N/A,N/A,N/A,,N/A,N/A,N/A,,620,0.5,210,,20,0.4,10,,N/A,N/A,N/A,,140,-0.7000000000000001,30,,110,0.2,30
#62023,"Customer and information services supervisors",N/A,N/A,N/A,,N/A,N/A,N/A,,840,0.7000000000000001,290,,N/A,N/A,N/A,,N/A,N/A,N/A,,N/A,N/A,N/A,,80,1.3,40
#62024,"Cleaning supervisors",90,0.4,30,,60,0.7000000000000001,30,,980,0.4,330,,40,0.5,10,,40,1.4000000000000001,20,,250,0.7000000000000001,110,,340,0.4,120
#62029,"Other services supervisors",N/A,N/A,N/A,,30,1.5,20,,920,0.3,240,,N/A,N/A,N/A,,N/A,N/A,N/A,,100,1.6,50,,180,1,80
#62100,"Technical sales specialists - wholesale trade",300,0.5,100,,100,0.3,40,,5960,0.8,2210,,N/A,N/A,N/A,,90,0.2,30,,790,1,420,,840,0.6,370
#62101,"Retail and wholesale buyers",110,0.5,40,,120,0.3,50,,3720,0.7000000000000001,1200,,20,-1,0,,20,1.4000000000000001,10,,430,0.8,190,,620,0.7000000000000001,260
#62200,Chefs,170,0.8999999999999999,50,,300,0.7000000000000001,80,,10180,0.8999999999999999,3340,,60,0.3,10,,50,0.8,10,,1400,1.0999999999999999,440,,2420,0.2,580
#62201,"Funeral directors and embalmers",40,1.4000000000000001,20,,20,1.7000000000000002,10,,160,0.8999999999999999,50,,N/A,N/A,N/A,,N/A,N/A,N/A,,110,1.3,40,,100,0.5,30
#62202,"Jewellers, jewellery and watch repairers and related occupations",N/A,N/A,N/A,,20,0.1,0,,480,0.7000000000000001,150,,20,-1,0,,N/A,N/A,N/A,,60,0.8999999999999999,20,,90,0.6,30
#63100,"Insurance agents and brokers",360,0.3,80,,250,4.7,250,,10370,1,3360,,150,-2,0,,210,-0.6,20,,1540,0.8999999999999999,570,,1740,1.0999999999999999,630
#63101,"Real estate agents and salespersons",370,-1.0999999999999999,10,,280,1.5,120,,18380,1.3,5310,,190,-2.3,-10,,120,2,50,,1830,1.0999999999999999,660,,3140,0.6,840
#63102,"Financial sales representatives",150,1.6,50,,230,-0.2,50,,7390,0.8999999999999999,2100,,100,-0.4,10,,70,2.5,30,,690,0.8999999999999999,260,,1160,0.8999999999999999,380
#63200,Cooks,680,1.0999999999999999,200,,1190,0.7000000000000001,310,,16010,1,4670,,430,0.4,90,,340,0.8999999999999999,90,,2920,1.3,980,,5620,0.3,1090
#63201,"Butchers - retail and wholesale",20,1,10,,50,0.6,10,,760,0.6,170,,20,-1,0,,N/A,N/A,N/A,,70,1.0999999999999999,20,,190,0.7000000000000001,40
#63202,Bakers,200,0.7000000000000001,70,,470,-0.2,80,,5280,0.8999999999999999,1650,,140,-0.6,20,,150,0,30,,1030,1.0999999999999999,360,,1610,0.3,320
#63210,"Hairstylists and barbers",360,1.4000000000000001,150,,350,1.7000000000000002,150,,8040,0.8999999999999999,2380,,140,0.3,40,,150,2.1,70,,2110,1.3,780,,2440,0.5,640
#63211,"Estheticians, electrologists and related occupations",260,1.3,70,,220,1.7000000000000002,80,,6480,0.8999999999999999,1620,,120,0.3,20,,120,2.1,50,,1340,1.3,390,,1690,0.5,340
#63220,"Shoe repairers and shoemakers",N/A,N/A,N/A,,N/A,N/A,N/A,,80,0.8,40,,N/A,N/A,N/A,,N/A,N/A,N/A,,N/A,N/A,N/A,,70,0.4,20
#63221,Upholsterers,N/A,N/A,N/A,,N/A,N/A,N/A,,240,0.7000000000000001,70,,N/A,N/A,N/A,,N/A,N/A,N/A,,50,1.3,20,,80,0.5,30
#64100,"Retail salespersons and visual merchandisers",2950,0.5,670,,3060,0.6,700,,65350,0.7000000000000001,15170,,1010,-0.8,80,,1290,1.2,420,,12660,0.8999999999999999,3400,,16800,0.7000000000000001,4280
#64101,"Sales and account representatives - wholesale trade (non-technical)",190,0.1,40,,210,0.2,50,,8430,0.7000000000000001,2520,,40,-0.3,10,,60,0.8999999999999999,20,,1230,0.8999999999999999,420,,1310,0.6,410
#64200,"Tailors, dressmakers, furriers and milliners",N/A,N/A,N/A,,50,1.2,20,,1380,0.7000000000000001,560,,20,0.3,10,,30,1.7000000000000002,20,,180,1,70,,270,0.8,90
#64201,"Image, social and other personal consultants",N/A,N/A,N/A,,N/A,N/A,N/A,,210,1,80,,N/A,N/A,N/A,,N/A,N/A,N/A,,30,1.2,10,,40,0.7000000000000001,10
#64300,"Maîtres d'hôtel and hosts/hostesses",70,1,10,,20,0.5,0,,2410,0.8999999999999999,340,,N/A,N/A,N/A,,N/A,N/A,N/A,,410,1.3,80,,600,0.1,30
#64301,Bartenders,80,0.7000000000000001,10,,130,0.2,20,,2620,0.8999999999999999,490,,40,0.3,0,,30,0.8,0,,580,1,140,,780,0,80
#64310,"Travel counsellors",50,-0.1,20,,N/A,N/A,N/A,,3070,-0.1,1030,,N/A,N/A,N/A,,N/A,N/A,N/A,,400,1,170,,390,2.3,220
#64311,"Pursers and flight attendants",N/A,N/A,N/A,,N/A,N/A,N/A,,1580,0.5,540,,N/A,N/A,N/A,,N/A,N/A,N/A,,120,0.5,50,,110,0.3,40
#64312,"Airline ticket and service agents",80,-0.8999999999999999,10,,N/A,N/A,N/A,,2220,0.4,670,,30,4.2,30,,40,4.1000000000000005,40,,90,0.5,40,,170,0.4,80
#64313,"Ground and water transport ticket agents, cargo service representatives and related clerks",N/A,N/A,N/A,,N/A,N/A,N/A,,320,0.8,100,,N/A,N/A,N/A,,N/A,N/A,N/A,,N/A,N/A,N/A,,180,0.5,50
#64314,"Hotel front desk clerks",180,-0.4,10,,170,0.7000000000000001,30,,2170,0.4,380,,100,0.4,10,,140,1.5,40,,670,-0.7000000000000001,10,,820,-0.6,80
#64320,"Tour and travel guides",N/A,N/A,N/A,,40,1,10,,270,0.2,60,,N/A,N/A,N/A,,N/A,N/A,N/A,,90,1.0999999999999999,30,,50,1.6,20
#64321,"Casino workers",N/A,N/A,N/A,,N/A,N/A,N/A,,570,0.8,160,,N/A,N/A,N/A,,N/A,N/A,N/A,,40,1.0999999999999999,10,,N/A,N/A,N/A
#64322,"Outdoor sport and recreational guides",N/A,N/A,N/A,,N/A,N/A,N/A,,200,0.6,40,,N/A,N/A,N/A,,N/A,N/A,N/A,,100,1.4000000000000001,30,,80,0.7000000000000001,30
#64400,"Customer services representatives - financial institutions",140,1.6,50,,350,-0.2,70,,5520,0.8999999999999999,1440,,120,-0.4,10,,90,2.5,40,,780,1,270,,1130,0.8999999999999999,300
#64401,"Postal services representatives",20,2.5,10,,20,1.6,10,,540,0.5,160,,30,1.9,20,,20,2,10,,120,0.4,30,,180,0.6,50
#64409,"Other customer and information services representatives",740,0.3,150,,450,0.2,100,,20690,0.8,5210,,270,0,50,,270,0.8,70,,2360,1.0999999999999999,810,,4250,0.7000000000000001,1150
#64410,"Security guards and related security service occupations",340,0.2,70,,160,1,50,,9130,0.3,1730,,220,0.7000000000000001,60,,130,0.3,30,,1020,2.1999999999999997,510,,2080,0.8,680
#65100,Cashiers,1670,0.8,330,,1610,0.6,330,,29820,0.8,6170,,730,-0.8999999999999999,10,,650,1.3,170,,5200,1.0999999999999999,1380,,8540,0.7000000000000001,1700
#65101,"Service station attendants",40,1,10,,70,0.6,10,,380,0.6,80,,70,-1,0,,N/A,N/A,N/A,,90,1.0999999999999999,20,,310,0.7000000000000001,50
#65102,"Store shelf stockers, clerks and order fillers",1010,0.8999999999999999,240,,1130,0.6,230,,19190,0.7000000000000001,4410,,420,-1,10,,440,1.3,130,,3670,1,950,,5570,0.7000000000000001,1220
#65109,"Other sales related occupations",90,0.8999999999999999,30,,60,0.6,20,,2310,0.7000000000000001,550,,N/A,N/A,N/A,,N/A,N/A,N/A,,350,1.0999999999999999,110,,530,0.8999999999999999,150
#65200,"Food and beverage servers",410,0.8999999999999999,50,,790,0.5,130,,13470,0.8999999999999999,2850,,200,0.3,10,,220,0.8999999999999999,30,,2710,1.2,710,,4450,0,520
#65201,"Food counter attendants, kitchen helpers and related support occupations",1580,1,240,,1960,0.7000000000000001,340,,37070,1,8290,,780,0.3,50,,850,0.8999999999999999,110,,5780,1.4000000000000001,1530,,11360,0.3,1490
#65202,"Meat cutters and fishmongers - retail and wholesale",20,1,10,,60,0.6,20,,620,0.6,210,,N/A,N/A,N/A,,30,1.4000000000000001,10,,100,1.0999999999999999,30,,280,0.7000000000000001,90
#65210,"Support occupations in accommodation, travel and facilities set-up services",N/A,N/A,N/A,,N/A,N/A,N/A,,670,0.7000000000000001,130,,N/A,N/A,N/A,,N/A,N/A,N/A,,N/A,N/A,N/A,,60,0.2,10
#65211,"Operators and attendants in amusement, recreation and sport",150,0.1,30,,260,0.1,30,,3170,0.8,650,,90,0.2,20,,110,1.6,40,,1100,1,250,,770,1.4000000000000001,250
#65220,"Pet groomers and animal care workers",140,1.4000000000000001,50,,180,1.6,70,,2240,0.8,510,,70,0.3,20,,60,2.1,30,,650,1.2,200,,930,0.7000000000000001,240
#65229,"Other support occupations in personal services",N/A,N/A,N/A,,N/A,N/A,N/A,,480,1.3,210,,N/A,N/A,N/A,,N/A,N/A,N/A,,70,1.7000000000000002,30,,120,0.8,40
#65310,"Light duty cleaners",1110,0.7000000000000001,310,,1190,1.3,430,,18310,0.6,5990,,710,0.4,180,,660,1.3,240,,4350,1.2,1550,,6350,0.7000000000000001,2100
#65311,"Specialized cleaners",170,-0.1,20,,160,1,40,,3430,0.5,690,,60,-0.5,0,,110,0.8999999999999999,20,,900,1.5,270,,1030,0.6,250
#65312,"Janitors, caretakers and heavy-duty cleaners",840,0.2,230,,900,0.6,300,,9710,0.4,2990,,560,0.3,160,,400,0.7000000000000001,130,,2060,1.2,860,,3430,0.8,1280
#65320,"Dry cleaning, laundry and related occupations",90,1.9,50,,70,1.2,30,,1230,0.8999999999999999,550,,70,0.6,20,,20,2.1,10,,410,0.8,130,,590,0.8,200
#65329,"Other service support occupations",50,-0.1,0,,30,0,10,,1980,0.8,410,,30,-0.5,0,,N/A,N/A,N/A,,250,1.2,90,,380,1,90
#70010,"Construction managers",610,-0.3,170,,560,0.3,240,,13400,2,6960,,340,0.8,140,,320,0.8999999999999999,140,,2460,1.0999999999999999,1310,,3180,0.3,1160
#70011,"Home building and renovation managers",280,1.5,130,,510,1.5,260,,7940,2,4240,,100,6,130,,110,5.5,120,,1130,1.7999999999999998,650,,2260,0.5,880
#70012,"Facility operation and maintenance managers",290,-0.4,90,,420,0.8,220,,10100,0.8999999999999999,4370,,250,-1,60,,140,1.9,90,,1720,1,960,,2450,0.8,1160
#70020,"Managers in transportation",180,0.1,60,,130,0.4,50,,5320,0.5,1910,,80,2.4,60,,30,0.8999999999999999,10,,500,0.7000000000000001,240,,760,0.8,340
#70021,"Postal and courier services managers",20,2.1,10,,N/A,N/A,N/A,,480,0.5,180,,20,3,10,,N/A,N/A,N/A,,70,0.4,30,,140,0.6,60
#72010,"Contractors and supervisors, machining, metal forming, shaping and erecting trades and related occupations",80,0.4,30,,N/A,N/A,N/A,,1440,1.2,640,,N/A,N/A,N/A,,20,1.3,10,,250,0.8999999999999999,150,,280,0,110
#72011,"Contractors and supervisors, electrical trades and telecommunications occupations",160,-0.5,50,,140,-0.5,40,,2760,1.6,1360,,80,0.8999999999999999,40,,90,-1.7000000000000002,10,,650,0.8999999999999999,310,,680,0.2,260
#72012,"Contractors and supervisors, pipefitting trades",30,-0.6,0,,40,-0.7000000000000001,0,,1340,1.7000000000000002,480,,20,0.1,0,,70,-0.1,10,,240,0.8999999999999999,60,,320,0.2,70
#72013,"Contractors and supervisors, carpentry trades",90,0,20,,160,0.3,40,,2130,1.9,950,,20,0.1,0,,60,3.6999999999999997,40,,470,1.0999999999999999,190,,780,0.2,200
#72014,"Contractors and supervisors, other construction trades, installers, repairers and servicers",220,-0.2,60,,360,-0.4,110,,7400,1.6,3400,,70,0.1,20,,100,-0.5,20,,1450,0.8999999999999999,670,,2030,0.3,720
#72020,"Contractors and supervisors, mechanic trades",190,-0.3,60,,160,-0.3,50,,2030,1.0999999999999999,810,,20,2.7,20,,80,0.8999999999999999,40,,550,0.8,260,,540,0.5,210
#72021,"Contractors and supervisors, heavy equipment operator crews",350,-0.6,100,,400,-0.6,130,,3450,1.7999999999999998,1760,,320,0.5,160,,150,0.6,70,,1550,0.6,730,,1190,0.4,520
#72022,"Supervisors, printing and related occupations",N/A,N/A,N/A,,N/A,N/A,N/A,,130,0.6,50,,N/A,N/A,N/A,,N/A,N/A,N/A,,N/A,N/A,N/A,,N/A,N/A,N/A
#72023,"Supervisors, railway transport operations",N/A,N/A,N/A,,N/A,N/A,N/A,,150,-0.1,50,,N/A,N/A,N/A,,N/A,N/A,N/A,,20,0.6,10,,N/A,N/A,N/A
#72024,"Supervisors, motor transport and other ground transit operators",50,-0.1,20,,N/A,N/A,N/A,,1040,0.6,380,,N/A,N/A,N/A,,N/A,N/A,N/A,,70,0.2,30,,170,0.8,80
#72025,"Supervisors, mail and message distribution occupations",N/A,N/A,N/A,,60,1.6,40,,520,0.6,220,,N/A,N/A,N/A,,N/A,N/A,N/A,,70,0.5,40,,220,0.6,100
#72100,"Machinists and machining and tooling inspectors",220,0.2,50,,140,0.7000000000000001,30,,2510,0.8999999999999999,880,,30,-1.0999999999999999,0,,20,-0.8999999999999999,0,,290,1,80,,430,-0.2,100
#72101,"Tool and die makers",N/A,N/A,N/A,,N/A,N/A,N/A,,260,0.8999999999999999,100,,N/A,N/A,N/A,,N/A,N/A,N/A,,N/A,N/A,N/A,,30,-0.7000000000000001,10
#72102,"Sheet metal workers",60,0.3,10,,60,-0.3,10,,2180,1.5,750,,20,1.0999999999999999,10,,30,-1.7000000000000002,0,,490,0.8,140,,660,0,120
#72103,Boilermakers,40,-0.6,10,,N/A,N/A,N/A,,130,1.0999999999999999,40,,N/A,N/A,N/A,,N/A,N/A,N/A,,40,0.7000000000000001,10,,90,-0.5,10
#72104,"Structural metal and platework fabricators and fitters",130,-1.2,-10,,30,1.6,10,,1650,1,510,,N/A,N/A,N/A,,N/A,N/A,N/A,,180,0.8,30,,330,0,70
#72105,Ironworkers,60,-0.5,10,,40,-0.7000000000000001,10,,1900,1.6,680,,60,-0.4,10,,N/A,N/A,N/A,,180,0.7000000000000001,60,,180,0.1,30
#72106,"Welders and related machine operators",770,0.2,140,,620,0.6,140,,5720,1,1690,,410,-0.3,50,,400,0.1,70,,1770,1.2,530,,1530,0.2,310
#72200,"Electricians (except industrial and power system)",430,-0.7000000000000001,0,,580,-0.6,60,,11280,1.6,3420,,260,0.6,40,,330,-0.8,0,,2670,0.8,710,,3360,0.3,510
#72201,"Industrial electricians",390,-0.4,70,,300,0.6,110,,1060,1.0999999999999999,370,,190,-1.5,10,,190,0.6,60,,660,1,270,,540,0.4,160
#72202,"Power system electricians",30,-0.4,0,,90,0.1,30,,190,1.7000000000000002,90,,N/A,N/A,N/A,,N/A,N/A,N/A,,80,1.5,50,,100,0.7000000000000001,40
#72203,"Electrical power line and cable workers",80,-0.7000000000000001,10,,210,-0.3,50,,430,1.7999999999999998,170,,40,1.5,10,,40,2.5,20,,350,1.0999999999999999,150,,300,0.7000000000000001,100
#72204,"Telecommunications line and cable installers and repairers",20,-0.6,0,,40,-2.7,0,,510,0.8999999999999999,190,,30,1.5,10,,N/A,N/A,N/A,,270,0.4,70,,120,0.3,30
#72205,"Telecommunications equipment installation and cable television service technicians",60,0,10,,100,-2.4,-10,,1170,0.5,420,,30,1.5,10,,N/A,N/A,N/A,,260,0.4,70,,250,0.3,80
#72300,Plumbers,260,-0.4,30,,370,-0.4,70,,7570,1.7000000000000002,2690,,130,0.7000000000000001,40,,140,-1.5,0,,1530,0.8,520,,1730,0.2,340
#72301,"Steamfitters, pipefitters and sprinkler system installers",140,-0.6,10,,190,0.8,60,,1490,2.1,640,,30,-1,0,,140,0,20,,300,1.6,140,,540,0.6,170
#72302,"Gas fitters",20,-0.6,0,,60,-0.1,20,,620,1.7000000000000002,240,,N/A,N/A,N/A,,40,2.1999999999999997,20,,130,1.3,60,,210,0.4,60
#72310,Carpenters,1340,-0.1,260,,1830,0.4,510,,17770,1.7999999999999998,7080,,720,1.7000000000000002,310,,580,0.4,140,,4250,1.0999999999999999,1620,,7800,0.3,1750
#72311,Cabinetmakers,20,-2.5,0,,40,-1.4000000000000001,0,,1680,0.8999999999999999,620,,N/A,N/A,N/A,,N/A,N/A,N/A,,300,0,70,,410,0.1,110
#72320,Bricklayers,50,-0.6,10,,N/A,N/A,N/A,,1100,1.7000000000000002,430,,N/A,N/A,N/A,,N/A,N/A,N/A,,180,0.8999999999999999,60,,410,0.2,90
#72321,Insulators,20,-0.6,0,,60,-0.8,10,,820,1.7000000000000002,320,,N/A,N/A,N/A,,30,-1.7000000000000002,0,,190,0.8,70,,250,0.2,60
#72400,"Construction millwrights and industrial mechanics",990,-0.4,240,,700,0.2,220,,3360,0.8999999999999999,1160,,450,-0.8999999999999999,80,,430,1.3,200,,1490,0.8,600,,820,0.5,290
#72401,"Heavy-duty equipment mechanics",820,0.5,200,,910,0.5,240,,2780,0.8,760,,530,0.6,140,,520,1.2,170,,1480,1.3,530,,1450,0.6,390
#72402,"Heating, refrigeration and air conditioning mechanics",120,0.3,20,,160,0.2,40,,2510,2.1999999999999997,1040,,20,0.1,0,,30,-1.0999999999999999,0,,690,1.5,280,,620,0.8999999999999999,180
#72403,"Railway carmen/women",60,0.5,10,,N/A,N/A,N/A,,200,-0.1,40,,N/A,N/A,N/A,,N/A,N/A,N/A,,80,0.5,20,,N/A,N/A,N/A
#72404,"Aircraft mechanics and aircraft inspectors",190,-0.7000000000000001,30,,N/A,N/A,N/A,,3000,0.4,860,,60,3.5000000000000004,40,,N/A,N/A,N/A,,1040,0.6,290,,510,0.7000000000000001,170
#72405,"Machine fitters",N/A,N/A,N/A,,N/A,N/A,N/A,,50,1.2,20,,N/A,N/A,N/A,,N/A,N/A,N/A,,N/A,N/A,N/A,,20,0.2,10
#72406,"Elevator constructors and mechanics",30,-0.6,0,,N/A,N/A,N/A,,1120,1.7999999999999998,490,,N/A,N/A,N/A,,N/A,N/A,N/A,,80,0.8,30,,160,0.1,40
#72410,"Automotive service technicians, truck and bus mechanics and mechanical repairers",1100,0.1,190,,730,0.5,160,,11520,0.5,2680,,550,-0.4,70,,580,0.8999999999999999,160,,2950,1.0999999999999999,890,,2680,0.4,720
#72411,"Auto body collision, refinishing and glass technicians and damage repair estimators",140,0,20,,140,0,20,,3200,0.4,750,,100,-1.7000000000000002,-10,,80,0.5,10,,490,1.7000000000000002,190,,500,0.1,140
#72420,"Oil and solid fuel heating mechanics",N/A,N/A,N/A,,N/A,N/A,N/A,,20,1.7999999999999998,10,,N/A,N/A,N/A,,N/A,N/A,N/A,,N/A,N/A,N/A,,40,1.3,10
#72421,"Appliance servicers and repairers",N/A,N/A,N/A,,30,1.7000000000000002,10,,610,0.8999999999999999,220,,N/A,N/A,N/A,,N/A,N/A,N/A,,80,1.2,30,,110,0.5,30
#72422,"Electrical mechanics",40,0.8999999999999999,10,,N/A,N/A,N/A,,200,1.0999999999999999,70,,N/A,N/A,N/A,,N/A,N/A,N/A,,40,1.0999999999999999,20,,20,0.7000000000000001,10
#72423,"Motorcycle, all-terrain vehicle and other related mechanics",30,0.5,10,,60,1.4000000000000001,20,,810,0.7000000000000001,230,,N/A,N/A,N/A,,N/A,N/A,N/A,,270,0.4,60,,480,0.3,120
#72429,"Other small engine and small equipment repairers",N/A,N/A,N/A,,N/A,N/A,N/A,,70,0.6,20,,N/A,N/A,N/A,,N/A,N/A,N/A,,30,1.2,10,,50,0.4,10
#72500,"Crane operators",80,-0.4,10,,100,0.8999999999999999,40,,1500,1.4000000000000001,570,,230,-0.4,40,,50,-1.3,0,,310,0.8999999999999999,120,,390,0.2,100
#72501,"Water well drillers",N/A,N/A,N/A,,N/A,N/A,N/A,,N/A,N/A,N/A,,N/A,N/A,N/A,,N/A,N/A,N/A,,30,0.1,0,,N/A,N/A,N/A
#72600,"Air pilots, flight engineers and flying instructors",220,-0.8999999999999999,30,,N/A,N/A,N/A,,2870,0.4,700,,80,4.1000000000000005,70,,50,4.1000000000000005,50,,830,0.5,270,,650,0.5,270
#72601,"Air traffic controllers and related occupations",40,-0.8,10,,N/A,N/A,N/A,,800,0.4,240,,20,4.1000000000000005,20,,20,4.1000000000000005,20,,160,0.5,70,,130,0.3,50
#72602,"Deck officers, water transport",N/A,N/A,N/A,,30,-2.1,0,,900,1.0999999999999999,330,,90,4.1000000000000005,80,,N/A,N/A,N/A,,60,10.8,130,,1090,0.3,320
#72603,"Engineer officers, water transport",N/A,N/A,N/A,,N/A,N/A,N/A,,100,1,30,,N/A,N/A,N/A,,N/A,N/A,N/A,,N/A,N/A,N/A,,80,0.3,30
#72604,"Railway traffic controllers and marine traffic regulators",N/A,N/A,N/A,,N/A,N/A,N/A,,180,0.2,50,,N/A,N/A,N/A,,N/A,N/A,N/A,,N/A,N/A,N/A,,30,0.3,10
#72999,"Other technical trades and related occupations",150,-0.5,20,,60,-0.4,10,,830,0.6,210,,50,-3.8,-10,,20,0.5,10,,240,0.8999999999999999,90,,460,0.5,120
#73100,"Concrete finishers",20,-0.6,0,,50,0.3,10,,1100,1.9,420,,N/A,N/A,N/A,,N/A,N/A,N/A,,190,0.8,60,,210,0.2,40
#73101,Tilesetters,20,-0.6,0,,N/A,N/A,N/A,,1510,1.7999999999999998,640,,N/A,N/A,N/A,,N/A,N/A,N/A,,300,0.8999999999999999,120,,300,0.1,60
#73102,"Plasterers, drywall installers and finishers and lathers",100,-0.3,20,,170,-0.4,30,,3010,1.7999999999999998,1070,,N/A,N/A,N/A,,30,-1.7000000000000002,0,,790,1,270,,910,0.2,150
#73110,"Roofers and shinglers",70,-0.3,10,,70,-0.5,10,,2060,1.2,700,,50,0.7000000000000001,10,,N/A,N/A,N/A,,430,1,160,,750,0.4,160
#73111,Glaziers,20,0.2,10,,N/A,N/A,N/A,,1510,1.5,510,,N/A,N/A,N/A,,N/A,N/A,N/A,,210,0.8999999999999999,80,,280,0.1,60
#73112,"Painters and decorators (except interior decorators)",150,-0.4,10,,240,-0.7000000000000001,50,,6060,1.7000000000000002,2270,,20,0.1,0,,80,-1.7000000000000002,0,,1280,0.8,480,,1740,0.2,340
#73113,"Floor covering installers",60,-0.6,10,,100,-0.3,20,,1250,1.7000000000000002,500,,30,0.1,10,,N/A,N/A,N/A,,390,0.8999999999999999,160,,490,0.2,110
#73200,"Residential and commercial installers and servicers",140,-0.2,10,,180,-0.3,30,,5650,1.4000000000000001,1790,,30,0.1,0,,30,-0.5,0,,1560,1,490,,1530,0.4,320
#73201,"General building maintenance workers and building superintendents",480,0.2,130,,520,0.8,180,,7990,0.8,2730,,240,-0.2,50,,300,1.4000000000000001,120,,1590,1.0999999999999999,620,,2810,0.8,1030
#73202,"Pest controllers and fumigators",N/A,N/A,N/A,,N/A,N/A,N/A,,300,0,70,,N/A,N/A,N/A,,N/A,N/A,N/A,,80,2.6,50,,100,0.8,40
#73209,"Other repairers and servicers",70,0.8999999999999999,20,,90,0.4,20,,1150,0.7000000000000001,280,,20,-0.2,0,,40,1.7999999999999998,20,,240,1,60,,320,0.8,100
#73300,"Transport truck drivers",2470,0.3,710,,2000,0.4,760,,27910,0.5,7440,,1570,1.6,750,,1600,0.8999999999999999,600,,5070,0.8,2210,,4990,0.8999999999999999,1880
#73301,"Bus drivers, subway operators and other transit operators",300,-0.1,80,,150,0.4,70,,7540,0.7000000000000001,2450,,90,3.2,70,,180,0.5,60,,620,-0.6,180,,1340,0.7000000000000001,560
#73310,"Railway and yard locomotive engineers",160,0.5,60,,170,-0.5,50,,660,0.1,210,,160,4.3,160,,50,2,30,,230,0.6,110,,20,-0.6,10
#73311,"Railway conductors and brakemen/women",200,0.5,50,,140,-0.5,20,,640,-0.2,130,,130,4.3,110,,30,2,10,,190,0.5,50,,100,0.5,50
#73400,"Heavy equipment operators",1090,0,240,,2070,0.4,630,,4700,1.6,1840,,1120,0.8,390,,900,0.7000000000000001,280,,3160,0.8999999999999999,1210,,2430,0.7000000000000001,740
#73401,"Printing press operators",20,-1.3,0,,N/A,N/A,N/A,,1040,0.6,370,,N/A,N/A,N/A,,N/A,N/A,N/A,,70,-0.4,20,,80,-0.1,20
#73402,"Drillers and blasters - surface mining, quarrying and construction",40,1,10,,20,0.8999999999999999,10,,230,1.3,60,,N/A,N/A,N/A,,N/A,N/A,N/A,,170,1.7000000000000002,60,,250,0.8999999999999999,70
#74100,"Mail and parcel sorters and related occupations",60,2.8000000000000003,40,,80,1.6,30,,2470,0.5,740,,50,2.1,30,,20,2.5,10,,220,0.4,50,,300,0.6,80
#74101,"Letter carriers",100,3.2,80,,90,1.6,40,,3000,0.5,1050,,100,1.9,50,,30,2.5,20,,530,0.4,160,,1130,0.6,340
#74102,"Couriers and messengers",70,2.6,40,,100,1.4000000000000001,30,,3590,0.6,990,,50,1.9,20,,20,2.5,10,,530,0.5,120,,1130,0.7000000000000001,320
#74200,"Railway yard and track maintenance workers",160,0.5,50,,80,-0.5,10,,500,0,110,,40,4.3,40,,N/A,N/A,N/A,,220,0.5,50,,N/A,N/A,N/A
#74201,"Water transport deck and engine room crew",N/A,N/A,N/A,,30,-0.5,0,,460,1.0999999999999999,140,,50,4.1000000000000005,40,,N/A,N/A,N/A,,20,12.5,60,,720,0.3,150
#74202,"Air transport ramp attendants",40,-0.8,0,,N/A,N/A,N/A,,1890,0.5,510,,30,4.1000000000000005,20,,N/A,N/A,N/A,,90,0.8,20,,140,0.4,30
#74203,"Automotive and heavy truck and equipment parts installers and servicers",190,-0.2,0,,180,1.0999999999999999,30,,880,0.6,150,,90,0.3,10,,110,1.2,20,,590,0.7000000000000001,80,,260,0.7000000000000001,50
#74204,"Utility maintenance workers",30,-0.3,10,,40,-0.1,20,,320,1,120,,N/A,N/A,N/A,,20,-0.3,0,,80,0.8999999999999999,40,,60,1.5,30
#74205,"Public works maintenance equipment operators and related workers",40,0.4,10,,90,0,30,,770,0.3,200,,50,0.5,20,,40,0.3,10,,160,1.4000000000000001,80,,270,1.2,110
#75100,"Longshore workers",N/A,N/A,N/A,,N/A,N/A,N/A,,3290,0.3,820,,410,2.8000000000000003,260,,N/A,N/A,N/A,,40,0.8,10,,310,0,80
#75101,"Material handlers",970,-0.1,220,,630,-0.3,110,,25560,0.8,7030,,480,-0.5,80,,330,1,120,,2480,0.8,820,,2730,0.8,820
#75110,"Construction trades helpers and labourers",1020,-0.1,120,,1240,0.3,270,,21910,1.7999999999999998,8500,,970,1.3,310,,770,0.1,110,,4740,1,1500,,5310,0.4,1000
#75119,"Other trades helpers and labourers",80,-0.2,10,,110,0.4,20,,800,1.4000000000000001,230,,40,-1,0,,40,0.2,0,,130,0.6,30,,160,0.3,30
#75200,"Taxi and limousine drivers and chauffeurs",90,0.1,20,,20,1.7999999999999998,10,,6330,0.8,1990,,40,3.5999999999999996,30,,50,1,20,,240,-0.8999999999999999,60,,820,0.8999999999999999,340
#75201,"Delivery service drivers and door-to-door distributors",420,1.2,110,,290,0.4,50,,11760,0.6,2720,,150,1.5,50,,120,1.2,30,,1850,0.8999999999999999,450,,3370,0.6,770
#75210,"Boat and cable ferry operators and related occupations",N/A,N/A,N/A,,N/A,N/A,N/A,,480,1.2,140,,60,4,50,,N/A,N/A,N/A,,30,8.1,50,,790,0.3,220
#75211,"Railway and motor transport labourers",40,-0.3,10,,20,-0.3,0,,370,0.5,90,,N/A,N/A,N/A,,N/A,N/A,N/A,,70,0.3,20,,110,0.7000000000000001,30
#75212,"Public works and maintenance labourers",100,0.3,30,,120,0.4,40,,2270,0.4,520,,100,0.1,30,,30,0.6,10,,460,1.2,200,,600,1.5,270
#80010,"Managers in natural resources production and fishing",180,0.4,80,,230,0.7000000000000001,120,,590,0.6,240,,120,1.9,80,,150,1.2,80,,340,1.7000000000000002,230,,380,1.0999999999999999,220
#80020,"Managers in agriculture",280,-0.4,100,,440,0.1,140,,2500,-1.3,300,,230,-3.6999999999999997,0,,180,4.7,200,,2120,-1.4000000000000001,300,,1330,-0.3,320
#80021,"Managers in horticulture",N/A,N/A,N/A,,30,-0.1,10,,240,-1.5,40,,N/A,N/A,N/A,,N/A,N/A,N/A,,70,-1.7999999999999998,10,,170,-0.3,40
#80022,"Managers in aquaculture",N/A,N/A,N/A,,N/A,N/A,N/A,,20,-1.7000000000000002,0,,N/A,N/A,N/A,,N/A,N/A,N/A,,N/A,N/A,N/A,,240,-0.5,80
#82010,"Supervisors, logging and forestry",250,-0.1,80,,120,-0.2,40,,440,0.7000000000000001,190,,130,2,80,,130,0.8,60,,210,-0.8,60,,330,-0.3,100
#82020,"Supervisors, mining and quarrying",120,1.4000000000000001,50,,280,1.0999999999999999,140,,400,1.2,190,,90,1.7999999999999998,50,,80,2.9000000000000004,60,,390,3.2,350,,100,3,90
#82021,"Contractors and supervisors, oil and gas drilling and services",30,0.8999999999999999,10,,70,1.2,50,,50,1.7000000000000002,20,,N/A,N/A,N/A,,260,0.5,100,,230,1.9,170,,90,2.3,60
#82030,"Agricultural service contractors and farm supervisors",N/A,N/A,N/A,,N/A,N/A,N/A,,180,-1.6,0,,N/A,N/A,N/A,,N/A,N/A,N/A,,30,-1.7999999999999998,0,,N/A,N/A,N/A
#82031,"Contractors and supervisors, landscaping, grounds maintenance and horticulture services",40,0.5,20,,100,0.8999999999999999,50,,2020,0.1,580,,20,0.1,10,,N/A,N/A,N/A,,570,2.1999999999999997,390,,640,0.8,260
#83100,"Underground production and development miners",190,1.5,90,,340,1,100,,80,1.2,30,,140,1.9,70,,110,2.9000000000000004,70,,460,3.2,290,,230,2.9000000000000004,130
#83101,"Oil and gas well drillers, servicers, testers and related workers",N/A,N/A,N/A,,40,2.3,20,,290,0.7000000000000001,70,,N/A,N/A,N/A,,120,0.8,30,,190,2,80,,80,4.5,60
#83110,"Logging machinery operators",200,0,50,,140,0.1,50,,130,-0.3,30,,170,2.3,100,,70,0.7000000000000001,20,,300,-2.1,20,,470,-0.5,130
#83120,"Fishing masters and officers",N/A,N/A,N/A,,N/A,N/A,N/A,,30,-1.3,10,,N/A,N/A,N/A,,N/A,N/A,N/A,,N/A,N/A,N/A,,30,0.2,20
#83121,Fishermen/women,N/A,N/A,N/A,,N/A,N/A,N/A,,120,-1,30,,N/A,N/A,N/A,,N/A,N/A,N/A,,N/A,N/A,N/A,,110,0.4,30
#84100,"Underground mine service and support workers",90,1.5,40,,100,0.8999999999999999,20,,N/A,N/A,N/A,,20,1.7999999999999998,10,,N/A,N/A,N/A,,180,3.1,100,,40,2.3,20
#84101,"Oil and gas well drilling and related workers and services operators",20,1.5,10,,N/A,N/A,N/A,,100,0.2,10,,N/A,N/A,N/A,,180,0.5,40,,80,2.1999999999999997,40,,40,1.9,10
#84110,"Chain saw and skidder operators",170,0.1,40,,190,0.2,50,,320,-0.1,50,,150,2.1,80,,80,-1.7999999999999998,0,,400,-1.7000000000000002,0,,600,-0.4,110
#84111,"Silviculture and forestry workers",280,0.1,30,,140,-0.2,20,,250,-0.1,20,,160,0.7000000000000001,30,,40,0.2,0,,280,-0.8,20,,230,0,40
#84120,"Specialized livestock workers and farm machinery operators",40,-0.4,0,,60,-0.2,10,,1070,-0.8999999999999999,100,,50,-3.6999999999999997,-20,,20,5,20,,420,-1.3,10,,380,0,50
#84121,"Fishing vessel deckhands",N/A,N/A,N/A,,N/A,N/A,N/A,,100,-1.3,10,,N/A,N/A,N/A,,N/A,N/A,N/A,,N/A,N/A,N/A,,90,0.4,20
#85100,"Livestock labourers",80,-0.4,10,,50,-0.1,10,,1070,-0.7000000000000001,80,,70,-3.1,-10,,20,5,20,,330,-0.8,40,,280,-0.1,40
#85101,"Harvesting labourers",N/A,N/A,N/A,,20,-0.1,0,,730,-1.4000000000000001,80,,N/A,N/A,N/A,,N/A,N/A,N/A,,300,-1.7999999999999998,-10,,110,-0.5,0
#85102,"Aquaculture and marine harvest labourers",N/A,N/A,N/A,,N/A,N/A,N/A,,40,-0.5,10,,N/A,N/A,N/A,,N/A,N/A,N/A,,N/A,N/A,N/A,,220,-0.2,40
#85103,"Nursery and greenhouse labourers",60,0.1,10,,90,0.4,30,,1350,-1,150,,60,-2.8000000000000003,-10,,N/A,N/A,N/A,,430,-1.4000000000000001,20,,330,-0.1,50
#85104,"Trappers and hunters",N/A,N/A,N/A,,N/A,N/A,N/A,,N/A,N/A,N/A,,N/A,N/A,N/A,,N/A,N/A,N/A,,N/A,N/A,N/A,,N/A,N/A,N/A
#85110,"Mine labourers",110,1.5,40,,100,1.2,30,,140,0.2,20,,150,1.9,60,,30,2.9000000000000004,20,,110,3.2,70,,N/A,N/A,N/A
#85111,"Oil and gas drilling, servicing and related labourers",N/A,N/A,N/A,,N/A,N/A,N/A,,30,0.1,0,,N/A,N/A,N/A,,370,0.7000000000000001,70,,120,1.7999999999999998,40,,30,3.5999999999999996,20
#85120,"Logging and forestry labourers",170,0.2,30,,170,0.1,20,,320,-0.3,0,,80,2.6,40,,N/A,N/A,N/A,,240,-2.1999999999999997,-40,,310,-0.6,20
#85121,"Landscaping and grounds maintenance labourers",410,0.2,70,,810,0.6,170,,9490,0.3,1680,,260,0.1,40,,190,0.6,40,,3010,1.6,1050,,4800,1,1510
#90010,"Manufacturing managers",410,-1.0999999999999999,100,,350,-1,110,,8260,0.8,3520,,60,-1.6,10,,120,-0.6,30,,1310,0,570,,1480,-0.1,540
#90011,"Utilities managers",60,0,30,,40,0.3,20,,830,1,440,,N/A,N/A,N/A,,60,1.2,40,,230,1.5,170,,260,1,140
#92010,"Supervisors, mineral and metal processing",N/A,N/A,N/A,,40,0.8999999999999999,20,,290,0.8,120,,150,-1.6,30,,N/A,N/A,N/A,,40,2.1,30,,N/A,N/A,N/A
#92011,"Supervisors, petroleum, gas and chemical processing and utilities",60,-0.3,20,,70,0.8,40,,500,1.2,240,,60,2.9000000000000004,50,,110,0.8999999999999999,50,,210,1.3,130,,100,0.8,50
#92012,"Supervisors, food and beverage processing",N/A,N/A,N/A,,N/A,N/A,N/A,,1680,0.8999999999999999,510,,N/A,N/A,N/A,,N/A,N/A,N/A,,220,0.2,50,,150,0.2,40
#92013,"Supervisors, plastic and rubber products manufacturing",N/A,N/A,N/A,,N/A,N/A,N/A,,180,0.6,80,,N/A,N/A,N/A,,N/A,N/A,N/A,,40,-0.8,10,,N/A,N/A,N/A
#92014,"Supervisors, forest products processing",250,-1.2,60,,90,-0.7000000000000001,30,,480,0.8,210,,70,-2.6,10,,80,1.4000000000000001,50,,220,-0.8,80,,110,-0.2,40
#92015,"Supervisors, textile, fabric, fur and leather products processing and manufacturing",N/A,N/A,N/A,,N/A,N/A,N/A,,110,0.8,50,,N/A,N/A,N/A,,N/A,N/A,N/A,,N/A,N/A,N/A,,N/A,N/A,N/A
#92020,"Supervisors, motor vehicle assembling",N/A,N/A,N/A,,N/A,N/A,N/A,,90,0,30,,N/A,N/A,N/A,,N/A,N/A,N/A,,N/A,N/A,N/A,,N/A,N/A,N/A
#92021,"Supervisors, electronics and electrical products manufacturing",N/A,N/A,N/A,,N/A,N/A,N/A,,220,0.7000000000000001,90,,N/A,N/A,N/A,,N/A,N/A,N/A,,N/A,N/A,N/A,,30,0.7000000000000001,10
#92022,"Supervisors, furniture and fixtures manufacturing",N/A,N/A,N/A,,N/A,N/A,N/A,,90,0.6,30,,N/A,N/A,N/A,,N/A,N/A,N/A,,N/A,N/A,N/A,,N/A,N/A,N/A
#92023,"Supervisors, other mechanical and metal products manufacturing",N/A,N/A,N/A,,N/A,N/A,N/A,,130,0.7000000000000001,50,,N/A,N/A,N/A,,N/A,N/A,N/A,,N/A,N/A,N/A,,30,1.3,10
#92024,"Supervisors, other products manufacturing and assembly",N/A,N/A,N/A,,N/A,N/A,N/A,,180,0.7000000000000001,60,,N/A,N/A,N/A,,N/A,N/A,N/A,,50,-0.5,10,,N/A,N/A,N/A
#92100,"Power engineers and power systems operators",610,-0.4,160,,560,0.8,260,,2330,0.8999999999999999,930,,270,1.0999999999999999,120,,430,1,190,,1080,0.5,430,,980,0.7000000000000001,420
#92101,"Water and waste treatment plant operators",50,-0.3,10,,170,0.4,70,,560,1,220,,110,2.6,70,,80,1.5,40,,370,1.5,210,,510,1,220
#93100,"Central control and process operators, mineral and metal processing",N/A,N/A,N/A,,380,1,200,,80,1.4000000000000001,50,,90,-1.6,10,,N/A,N/A,N/A,,70,2.3,50,,20,1.6,20
#93101,"Central control and process operators, petroleum, gas and chemical processing",90,-0.3,20,,150,0.7000000000000001,70,,680,1.0999999999999999,250,,250,0.5,80,,700,0.5,240,,310,1.3,160,,330,1.6,180
#93102,"Pulping, papermaking and coating control operators",60,-1,20,,N/A,N/A,N/A,,20,-0.6,0,,N/A,N/A,N/A,,N/A,N/A,N/A,,N/A,N/A,N/A,,70,-0.7000000000000001,20
#93200,"Aircraft assemblers and aircraft assembly inspectors",N/A,N/A,N/A,,N/A,N/A,N/A,,30,0,10,,N/A,N/A,N/A,,N/A,N/A,N/A,,N/A,N/A,N/A,,20,1.5,10
#94100,"Machine operators, mineral and metal processing",30,1.5,20,,80,0.5,20,,240,1,100,,260,-0.8999999999999999,60,,N/A,N/A,N/A,,70,3.3000000000000003,50,,30,1.2,10
#94101,"Foundry workers",N/A,N/A,N/A,,20,1,0,,70,0.8,30,,N/A,N/A,N/A,,N/A,N/A,N/A,,30,2.3,10,,N/A,N/A,N/A
#94102,"Glass forming and finishing machine operators and glass cutters",N/A,N/A,N/A,,N/A,N/A,N/A,,260,0.7000000000000001,70,,N/A,N/A,N/A,,N/A,N/A,N/A,,20,-1.0999999999999999,0,,N/A,N/A,N/A
#94103,"Concrete, clay and stone forming operators",N/A,N/A,N/A,,N/A,N/A,N/A,,390,1.0999999999999999,130,,N/A,N/A,N/A,,N/A,N/A,N/A,,30,-1.0999999999999999,0,,70,0.5,10
#94104,"Inspectors and testers, mineral and metal processing",N/A,N/A,N/A,,N/A,N/A,N/A,,120,0.8999999999999999,50,,N/A,N/A,N/A,,N/A,N/A,N/A,,N/A,N/A,N/A,,N/A,N/A,N/A
#94105,"Metalworking and forging machine operators",40,-0.1,10,,N/A,N/A,N/A,,680,0.8999999999999999,220,,N/A,N/A,N/A,,N/A,N/A,N/A,,120,1.9,40,,120,-0.4,30
#94106,"Machining tool operators",N/A,N/A,N/A,,N/A,N/A,N/A,,320,1,100,,N/A,N/A,N/A,,N/A,N/A,N/A,,30,1.0999999999999999,0,,40,-0.4,10
#94107,"Machine operators of other metal products",N/A,N/A,N/A,,N/A,N/A,N/A,,110,0.8,40,,N/A,N/A,N/A,,N/A,N/A,N/A,,N/A,N/A,N/A,,N/A,N/A,N/A
#94110,"Chemical plant machine operators",N/A,N/A,N/A,,N/A,N/A,N/A,,270,0.7000000000000001,90,,N/A,N/A,N/A,,30,0.2,10,,60,0.5,20,,20,1,10
#94111,"Plastics processing machine operators",N/A,N/A,N/A,,N/A,N/A,N/A,,620,0.6,230,,N/A,N/A,N/A,,N/A,N/A,N/A,,40,0.2,10,,N/A,N/A,N/A
#94112,"Rubber processing machine operators and related workers",N/A,N/A,N/A,,N/A,N/A,N/A,,100,0.7000000000000001,30,,N/A,N/A,N/A,,N/A,N/A,N/A,,50,-0.6,10,,N/A,N/A,N/A
#94120,"Sawmill machine operators",330,-1.2,50,,130,-2,20,,600,1.0999999999999999,240,,110,-3.8,-10,,50,-0.1,10,,320,-0.8,100,,360,0,100
#94121,"Pulp mill, papermaking and finishing machine operators",260,-0.8999999999999999,80,,70,2,50,,170,-0.4,50,,N/A,N/A,N/A,,N/A,N/A,N/A,,80,-0.5,20,,380,-0.7000000000000001,80
#94122,"Paper converting machine operators",N/A,N/A,N/A,,N/A,N/A,N/A,,190,-0.4,40,,N/A,N/A,N/A,,N/A,N/A,N/A,,N/A,N/A,N/A,,N/A,N/A,N/A
#94123,"Lumber graders and other wood processing inspectors and graders",110,-0.8999999999999999,20,,70,-2,10,,390,1.2,150,,50,-2.1999999999999997,0,,N/A,N/A,N/A,,120,-0.8999999999999999,30,,110,-0.1,30
#94124,"Woodworking machine operators",40,-1.3,0,,30,-2,0,,450,1,150,,N/A,N/A,N/A,,N/A,N/A,N/A,,110,-1.0999999999999999,20,,50,0.1,20
#94129,"Other wood processing machine operators",120,-0.8,20,,40,-2,10,,210,1.2,80,,20,-3.8,0,,N/A,N/A,N/A,,170,-1,50,,40,-0.1,10
#94130,"Textile fibre and yarn, hide and pelt processing machine operators and workers",N/A,N/A,N/A,,N/A,N/A,N/A,,160,0.7000000000000001,40,,N/A,N/A,N/A,,N/A,N/A,N/A,,N/A,N/A,N/A,,20,-0.2,0
#94131,"Weavers, knitters and other fabric making occupations",N/A,N/A,N/A,,N/A,N/A,N/A,,120,0.6,40,,N/A,N/A,N/A,,N/A,N/A,N/A,,N/A,N/A,N/A,,20,-0.2,0
#94132,"Industrial sewing machine operators",N/A,N/A,N/A,,N/A,N/A,N/A,,1300,0.7000000000000001,560,,N/A,N/A,N/A,,N/A,N/A,N/A,,40,-0.1,10,,90,0.6,30
#94133,"Inspectors and graders, textile, fabric, fur and leather products manufacturing",N/A,N/A,N/A,,N/A,N/A,N/A,,180,0.6,50,,N/A,N/A,N/A,,N/A,N/A,N/A,,N/A,N/A,N/A,,N/A,N/A,N/A
#94140,"Process control and machine operators, food and beverage processing",140,-0.8999999999999999,20,,250,-0.8,20,,4470,0.8,1440,,60,-1.0999999999999999,10,,N/A,N/A,N/A,,1420,0.3,290,,680,0,130
#94141,"Industrial butchers and meat cutters, poultry preparers and related workers",N/A,N/A,N/A,,N/A,N/A,N/A,,1130,1,420,,50,-0.2,10,,80,-1.2,10,,310,1.0999999999999999,130,,70,0.3,10
#94142,"Fish and seafood plant workers",N/A,N/A,N/A,,N/A,N/A,N/A,,520,0.8999999999999999,260,,20,0.3,10,,N/A,N/A,N/A,,N/A,N/A,N/A,,350,0,90
#94143,"Testers and graders, food and beverage processing",40,-0.5,10,,60,-0.8,10,,570,0.8999999999999999,170,,N/A,N/A,N/A,,N/A,N/A,N/A,,130,0.2,30,,90,-0.1,20
#94150,"Plateless printing equipment operators",N/A,N/A,N/A,,N/A,N/A,N/A,,460,0.5,170,,N/A,N/A,N/A,,N/A,N/A,N/A,,40,-0.1,0,,80,0.3,20
#94151,"Camera, platemaking and other prepress occupations",N/A,N/A,N/A,,N/A,N/A,N/A,,140,0.6,50,,N/A,N/A,N/A,,N/A,N/A,N/A,,N/A,N/A,N/A,,N/A,N/A,N/A
#94152,"Binding and finishing machine operators",N/A,N/A,N/A,,N/A,N/A,N/A,,250,0.6,70,,N/A,N/A,N/A,,N/A,N/A,N/A,,N/A,N/A,N/A,,40,0.1,10
#94153,"Photographic and film processors",N/A,N/A,N/A,,N/A,N/A,N/A,,260,1.2,90,,N/A,N/A,N/A,,N/A,N/A,N/A,,20,1.0999999999999999,10,,60,0.7000000000000001,20
#94200,"Motor vehicle assemblers, inspectors and testers",N/A,N/A,N/A,,40,-4.3999999999999995,-10,,810,0.5,270,,N/A,N/A,N/A,,20,0.5,0,,80,1.0999999999999999,20,,90,0.6,30
#94201,"Electronics assemblers, fabricators, inspectors and testers",N/A,N/A,N/A,,N/A,N/A,N/A,,1170,0.8999999999999999,440,,N/A,N/A,N/A,,N/A,N/A,N/A,,100,0.4,20,,120,0.3,30
#94202,"Assemblers and inspectors, electrical appliance, apparatus and equipment manufacturing",N/A,N/A,N/A,,N/A,N/A,N/A,,340,1,140,,N/A,N/A,N/A,,N/A,N/A,N/A,,20,0.8,10,,40,-0.5,0
#94203,"Assemblers, fabricators and inspectors, industrial electrical motors and transformers",N/A,N/A,N/A,,N/A,N/A,N/A,,80,1,30,,N/A,N/A,N/A,,N/A,N/A,N/A,,N/A,N/A,N/A,,N/A,N/A,N/A
#94204,"Mechanical assemblers and inspectors",N/A,N/A,N/A,,N/A,N/A,N/A,,730,1,270,,N/A,N/A,N/A,,N/A,N/A,N/A,,100,1.4000000000000001,20,,40,0.4,10
#94205,"Machine operators and inspectors, electrical apparatus manufacturing",N/A,N/A,N/A,,N/A,N/A,N/A,,120,0.6,40,,N/A,N/A,N/A,,N/A,N/A,N/A,,N/A,N/A,N/A,,N/A,N/A,N/A
#94210,"Furniture and fixture assemblers, finishers, refinishers and inspectors",50,-0.8999999999999999,0,,30,-2.1,0,,1260,0.8,360,,N/A,N/A,N/A,,N/A,N/A,N/A,,170,0.2,40,,210,0,40
#94211,"Assemblers and inspectors of other wood products",30,-0.6,0,,50,-1,10,,730,1,220,,20,-3.8,0,,N/A,N/A,N/A,,180,-0.4,50,,100,0.2,20
#94212,"Plastic products assemblers, finishers and inspectors",N/A,N/A,N/A,,N/A,N/A,N/A,,240,0.6,80,,N/A,N/A,N/A,,N/A,N/A,N/A,,20,-1.0999999999999999,0,,30,0.1,10
#94213,"Industrial painters, coaters and metal finishing process operators",90,-1.6,0,,N/A,N/A,N/A,,1380,0.8999999999999999,480,,N/A,N/A,N/A,,N/A,N/A,N/A,,240,0.8,60,,160,0.3,50
#94219,"Other products assemblers, finishers and inspectors",20,-2.5,0,,20,0.5,0,,1800,0.8,570,,N/A,N/A,N/A,,N/A,N/A,N/A,,310,1.5,80,,540,0.4,170
#95100,"Labourers in mineral and metal processing",30,0.2,10,,40,0.7000000000000001,10,,850,0.7000000000000001,250,,110,-1.6,10,,N/A,N/A,N/A,,60,0.7000000000000001,10,,80,0,10
#95101,"Labourers in metal fabrication",100,-1.5,-10,,20,-1.0999999999999999,0,,1350,0.8,380,,N/A,N/A,N/A,,20,0,0,,60,0.2,10,,210,-0.4,30
#95102,"Labourers in chemical products processing and utilities",N/A,N/A,N/A,,N/A,N/A,N/A,,580,1,210,,N/A,N/A,N/A,,N/A,N/A,N/A,,70,1,30,,110,0.6,30
#95103,"Labourers in wood, pulp and paper processing",1090,-1,80,,340,-1.5,50,,1770,0.8999999999999999,580,,320,-3.1,-50,,180,-0.5,20,,980,-0.6,260,,430,0,80
#95104,"Labourers in rubber and plastic products manufacturing",N/A,N/A,N/A,,N/A,N/A,N/A,,530,0.6,130,,N/A,N/A,N/A,,N/A,N/A,N/A,,40,-1.0999999999999999,0,,N/A,N/A,N/A
#95105,"Labourers in textile processing and cutting",N/A,N/A,N/A,,N/A,N/A,N/A,,540,0.7000000000000001,190,,N/A,N/A,N/A,,N/A,N/A,N/A,,20,0.3,0,,N/A,N/A,N/A
#95106,"Labourers in food and beverage processing",220,-0.4,40,,220,-0.7000000000000001,20,,10420,0.8999999999999999,3870,,30,-0.5,10,,N/A,N/A,N/A,,1730,0.7000000000000001,490,,670,0.2,130
#95107,"Labourers in fish and seafood processing",N/A,N/A,N/A,,N/A,N/A,N/A,,390,0.7000000000000001,180,,30,0.3,10,,N/A,N/A,N/A,,N/A,N/A,N/A,,250,0,60
#95109,"Other labourers in processing, manufacturing and utilities",180,0.2,40,,230,-0.1,30,,6370,0.7000000000000001,1800,,70,-1,0,,70,0,10,,780,0.5,180,,890,0.5,220
