2026,1,accommodation_food_services,"Accommodation and food services",13300,34500,47800,28,72,5
2026,2,agriculture_fishing,"Agriculture and fishing",-2500,4500,2000,-127,227,0
2026,3,business_building_other_support_services,"Business, building and other support services",4300,22700,27000,16,84,3
2026,4,construction,Construction,40000,63100,103100,39,61,11
2026,5,educational_services,"Educational services",8700,52400,61100,14,86,6
2026,6,finance_insurance_real_estate,"Finance, insurance and real estate",20400,45800,66200,31,69,7
2026,7,forestry_logging_support_activities,"Forestry, logging and support activities",-700,3600,3000,-23,123,0
2026,8,health_care_social_assistance,"Health care and social assistance",79400,96700,176000,45,55,18
2026,9,information_culture_recreation,"Information, culture and recreation",10600,29000,39600,27,73,4
2026,10,manufacturing,Manufacturing,7600,44500,52000,15,85,5
2026,11,mining_oil_gas_extraction,"Mining and oil and gas extraction",5800,9200,14900,39,61,2
2026,12,professional_scientific_technical_services,"Professional, scientific and technical services",64800,71200,136000,48,52,14
2026,13,public_administration,"Public administration",-900,39900,39000,-2,102,4
2026,14,other_private_services,"Repair, personal and non-profit services",8400,24400,32800,26,74,3
2026,15,retail_trade,"Retail trade",25000,69300,94300,26,74,10
2026,16,transportation_warehousing,"Transportation and warehousing",8000,37600,45600,18,82,5
2026,17,utilities,Utilities,2200,4200,6400,34,66,1
2026,18,wholesale_trade,"Wholesale trade",7500,24000,31500,24,76,3
