2026,1,total_job_openings,"Total Job Openings (978,000)",978000,1
2026,2,replacement,"Replacement (69%)",677000,0.692229038854806
2026,3,expansion,"Expansion (31%)",302000,0.307770961145194
2026,4,supply_additions,"Supply Additions",988000,1
2026,5,young_people_starting_work,"Young people starting work",514000,0.520242914979757
2026,6,immigrants,Immigrants,331000,0.33502024291498
2026,7,migrants_from_other_provinces,"Migrants from other provinces",72000,0.0728744939271255
2026,8,changing_labour_market_participation,"Changing labour market participation*",61000,0.0617408906882591
2026,9,net_other_mobility,"Net other mobility",71000,0.0718623481781376
2026,10,decline_in_unemployment,"Decline in unemployment",-10000,-0.0101214574898785
