2026,1,8,"Natural resources, agriculture and related production",1200,12800,14000,0.91696008991569,0.0830363397344945,0.0143135812733189
2026,2,0,"Legislative and senior management",4900,15100,20000,0.756891479611565,0.243108520388435,0.020432587875171
2026,3,9,"Manufacturing and utilities",5500,27400,32900,0.834019259880643,0.165975873594449,0.0336039326419488
2026,4,5,"Art, culture, recreation and sport",13200,24500,37700,0.650531310078373,0.349470282060706,0.0385176091311136
2026,5,2,"Natural and applied sciences and related",44900,58000,102900,0.563728148149731,0.436272434676366,0.105220735786739
2026,6,3,Health,46700,58100,104900,0.554311712233004,0.445689145991871,0.10718412949584
2026,7,4,"Education, law and social, community and government services",26700,82100,108900,0.754546151842909,0.245455869067079,0.111266591418368
2026,8,7,"Trades, transport and equipment operators and related",51900,122300,174200,0.702156951387174,0.297841097046569,0.178067511630386
2026,9,1,"Business, finance and administration",50000,131800,181800,0.724850938183646,0.27514922685684,0.185788930249799
2026,10,6,"Sales and service",57000,144200,201200,0.716875824402749,0.283124623000567,0.205604390497316
2026,11,T,"All occupations",301900,676500,978400,0.69145199790304,0.30854800209696,1
