#31301,"Registered nurses and registered psychiatric nurses",960,Cariboo
#60020,"Retail and wholesale trade managers",810,Cariboo
#73300,"Transport truck drivers",710,Cariboo
#64100,"Retail salespersons and visual merchandisers",670,Cariboo
#33102,"Nurse aides, orderlies and patient service associates",650,Cariboo
#13100,"Administrative officers",540,Cariboo
#42201,"Social and community service workers",500,Cariboo
#13110,"Administrative assistants",350,Cariboo
#65100,Cashiers,330,Cariboo
#65310,"Light duty cleaners",310,Cariboo
#60020,"Retail and wholesale trade managers",1160,Kootenay
#33102,"Nurse aides, orderlies and patient service associates",790,Kootenay
#31301,"Registered nurses and registered psychiatric nurses",790,Kootenay
#73300,"Transport truck drivers",760,Kootenay
#13100,"Administrative officers",730,Kootenay
#64100,"Retail salespersons and visual merchandisers",700,Kootenay
#73400,"Heavy equipment operators",630,Kootenay
#72310,Carpenters,510,Kootenay
#65310,"Light duty cleaners",430,Kootenay
#13110,"Administrative assistants",390,Kootenay
#60020,"Retail and wholesale trade managers",15930,Mainland/Southwest
#31301,"Registered nurses and registered psychiatric nurses",15680,Mainland/Southwest
#64100,"Retail salespersons and visual merchandisers",15170,Mainland/Southwest
#00018,"Senior managers - public and private sector",13570,Mainland/Southwest
#13100,"Administrative officers",11450,Mainland/Southwest
#33102,"Nurse aides, orderlies and patient service associates",11410,Mainland/Southwest
#21231,"Software engineers and designers",9200,Mainland/Southwest
#75110,"Construction trades helpers and labourers",8500,Mainland/Southwest
#42202,"Early childhood educators and assistants",8300,Mainland/Southwest
#65201,"Food counter attendants, kitchen helpers and related support occupations",8290,Mainland/Southwest
#73300,"Transport truck drivers",750,"North Coast and Nechako"
#73400,"Heavy equipment operators",390,"North Coast and Nechako"
#42202,"Early childhood educators and assistants",330,"North Coast and Nechako"
#72310,Carpenters,310,"North Coast and Nechako"
#75110,"Construction trades helpers and labourers",310,"North Coast and Nechako"
#60020,"Retail and wholesale trade managers",260,"North Coast and Nechako"
#75100,"Longshore workers",260,"North Coast and Nechako"
#13100,"Administrative officers",260,"North Coast and Nechako"
#42201,"Social and community service workers",230,"North Coast and Nechako"
#31301,"Registered nurses and registered psychiatric nurses",230,"North Coast and Nechako"
#73300,"Transport truck drivers",600,Northeast
#60020,"Retail and wholesale trade managers",430,Northeast
#64100,"Retail salespersons and visual merchandisers",420,Northeast
#31301,"Registered nurses and registered psychiatric nurses",290,Northeast
#73400,"Heavy equipment operators",280,Northeast
#13100,"Administrative officers",280,Northeast
#13110,"Administrative assistants",270,Northeast
#41221,"Elementary school and kindergarten teachers",240,Northeast
#65310,"Light duty cleaners",240,Northeast
#93101,"Central control and process operators, petroleum, gas and chemical processing",240,Northeast
#60020,"Retail and wholesale trade managers",4000,Thompson-Okanagan
#64100,"Retail salespersons and visual merchandisers",3400,Thompson-Okanagan
#13100,"Administrative officers",2750,Thompson-Okanagan
#31301,"Registered nurses and registered psychiatric nurses",2610,Thompson-Okanagan
#33102,"Nurse aides, orderlies and patient service associates",2330,Thompson-Okanagan
#73300,"Transport truck drivers",2210,Thompson-Okanagan
#00018,"Senior managers - public and private sector",2060,Thompson-Okanagan
#72310,Carpenters,1620,Thompson-Okanagan
#42201,"Social and community service workers",1590,Thompson-Okanagan
#65310,"Light duty cleaners",1550,Thompson-Okanagan
#31301,"Registered nurses and registered psychiatric nurses",5040,"Vancouver Island/Coast"
#60020,"Retail and wholesale trade managers",4800,"Vancouver Island/Coast"
#33102,"Nurse aides, orderlies and patient service associates",4590,"Vancouver Island/Coast"
#64100,"Retail salespersons and visual merchandisers",4280,"Vancouver Island/Coast"
#13100,"Administrative officers",3770,"Vancouver Island/Coast"
#42201,"Social and community service workers",3360,"Vancouver Island/Coast"
#00018,"Senior managers - public and private sector",2990,"Vancouver Island/Coast"
#41221,"Elementary school and kindergarten teachers",2210,"Vancouver Island/Coast"
#13110,"Administrative assistants",2190,"Vancouver Island/Coast"
#65310,"Light duty cleaners",2100,"Vancouver Island/Coast"
